{
  "type": "FeatureCollection",
  "features": [
    {
      "type": "Feature",
      "geometry": {
        "coordinates": [
          [
            77.604207,
            13.072538
          ],
          [
            77.604097,
            13.072558
          ],
          [
            77.604021,
            13.072572
          ],
          [
            77.604033,
            13.072655
          ],
          [
            77.604627,
            13.072547
          ],
          [
            77.605202,
            13.072443
          ],
          [
            77.605242,
            13.072429
          ],
          [
            77.605256,
            13.072425
          ],
          [
            77.605302,
            13.072404
          ],
          [
            77.605353,
            13.072368
          ],
          [
            77.605422,
            13.072312
          ],
          [
            77.605545,
            13.072187
          ],
          [
            77.605647,
            13.072075
          ],
          [
            77.605703,
            13.072005
          ],
          [
            77.605957,
            13.071643
          ],
          [
            77.605993,
            13.0716
          ],
          [
            77.606026,
            13.071565
          ],
          [
            77.606053,
            13.071537
          ],
          [
            77.606091,
            13.071506
          ],
          [
            77.606126,
            13.071478
          ],
          [
            77.606171,
            13.071451
          ],
          [
            77.606216,
            13.07143
          ],
          [
            77.60627,
            13.071408
          ],
          [
            77.606343,
            13.071394
          ],
          [
            77.606421,
            13.071386
          ],
          [
            77.606494,
            13.07138
          ],
          [
            77.607551,
            13.071343
          ],
          [
            77.607586,
            13.071339
          ],
          [
            77.607646,
            13.071333
          ],
          [
            77.607724,
            13.071315
          ],
          [
            77.607822,
            13.07129
          ],
          [
            77.610215,
            13.07085
          ],
          [
            77.610814,
            13.070774
          ],
          [
            77.610913,
            13.070774
          ],
          [
            77.611613,
            13.070755
          ],
          [
            77.61232,
            13.070793
          ],
          [
            77.612521,
            13.070804
          ],
          [
            77.6129,
            13.070824
          ],
          [
            77.613157,
            13.070837
          ],
          [
            77.613429,
            13.07087
          ],
          [
            77.613522,
            13.07088
          ],
          [
            77.613881,
            13.070959
          ],
          [
            77.614764,
            13.071099
          ],
          [
            77.615052,
            13.071141
          ],
          [
            77.615443,
            13.071153
          ],
          [
            77.615902,
            13.071189
          ],
          [
            77.616349,
            13.071202
          ],
          [
            77.616905,
            13.071213
          ],
          [
            77.61745,
            13.071185
          ],
          [
            77.617901,
            13.071151
          ],
          [
            77.618351,
            13.071123
          ],
          [
            77.618616,
            13.071107
          ],
          [
            77.618786,
            13.071094
          ],
          [
            77.619002,
            13.071065
          ],
          [
            77.61932,
            13.070979
          ],
          [
            77.619388,
            13.070953
          ],
          [
            77.619458,
            13.070894
          ],
          [
            77.61948,
            13.070844
          ],
          [
            77.619576,
            13.070759
          ],
          [
            77.619804,
            13.070569
          ],
          [
            77.619917,
            13.070492
          ],
          [
            77.620031,
            13.070475
          ],
          [
            77.620144,
            13.07039
          ],
          [
            77.620603,
            13.070004
          ],
          [
            77.620654,
            13.070051
          ],
          [
            77.620809,
            13.070194
          ],
          [
            77.620847,
            13.070238
          ],
          [
            77.620854,
            13.070252
          ],
          [
            77.620855,
            13.07027
          ],
          [
            77.620849,
            13.070288
          ],
          [
            77.620672,
            13.070451
          ],
          [
            77.620576,
            13.070536
          ],
          [
            77.620491,
            13.070609
          ],
          [
            77.619991,
            13.071027
          ],
          [
            77.619881,
            13.071114
          ],
          [
            77.619073,
            13.071767
          ],
          [
            77.619141,
            13.071833
          ],
          [
            77.619363,
            13.071657
          ],
          [
            77.619717,
            13.071384
          ],
          [
            77.620106,
            13.0711
          ],
          [
            77.620415,
            13.07103
          ],
          [
            77.620542,
            13.071004
          ],
          [
            77.620713,
            13.070972
          ],
          [
            77.621011,
            13.070901
          ],
          [
            77.62138,
            13.07081
          ],
          [
            77.621783,
            13.070643
          ],
          [
            77.622197,
            13.070438
          ],
          [
            77.622576,
            13.07024
          ],
          [
            77.623041,
            13.069977
          ],
          [
            77.623331,
            13.06983
          ],
          [
            77.623656,
            13.069665
          ],
          [
            77.623971,
            13.069506
          ],
          [
            77.624298,
            13.069318
          ],
          [
            77.624407,
            13.069273
          ],
          [
            77.624511,
            13.069235
          ],
          [
            77.624613,
            13.069212
          ],
          [
            77.625077,
            13.069113
          ],
          [
            77.625511,
            13.069018
          ],
          [
            77.625948,
            13.068928
          ],
          [
            77.626383,
            13.068833
          ],
          [
            77.626704,
            13.068765
          ],
          [
            77.627058,
            13.068687
          ],
          [
            77.627385,
            13.068623
          ],
          [
            77.627712,
            13.068544
          ],
          [
            77.62806,
            13.068478
          ],
          [
            77.628754,
            13.068327
          ],
          [
            77.628849,
            13.068306
          ],
          [
            77.629034,
            13.068272
          ],
          [
            77.629591,
            13.068158
          ],
          [
            77.629972,
            13.068078
          ],
          [
            77.630296,
            13.068006
          ],
          [
            77.630672,
            13.067923
          ],
          [
            77.630957,
            13.067873
          ],
          [
            77.631107,
            13.06786
          ],
          [
            77.631215,
            13.067856
          ],
          [
            77.631484,
            13.067847
          ],
          [
            77.631824,
            13.067812
          ],
          [
            77.632058,
            13.067789
          ],
          [
            77.632425,
            13.067754
          ],
          [
            77.632791,
            13.067719
          ],
          [
            77.633166,
            13.067681
          ],
          [
            77.633527,
            13.067647
          ],
          [
            77.633702,
            13.067623
          ],
          [
            77.633756,
            13.067558
          ],
          [
            77.633861,
            13.067537
          ],
          [
            77.635035,
            13.067311
          ],
          [
            77.635142,
            13.06729
          ],
          [
            77.635257,
            13.067268
          ],
          [
            77.635362,
            13.067247
          ],
          [
            77.635575,
            13.067206
          ],
          [
            77.635711,
            13.06718
          ],
          [
            77.635914,
            13.067141
          ],
          [
            77.636092,
            13.067106
          ],
          [
            77.636288,
            13.067068
          ],
          [
            77.636632,
            13.067002
          ],
          [
            77.637033,
            13.066924
          ],
          [
            77.637407,
            13.066844
          ],
          [
            77.637669,
            13.066787
          ],
          [
            77.637808,
            13.066756
          ],
          [
            77.637864,
            13.066744
          ],
          [
            77.638102,
            13.066706
          ],
          [
            77.638365,
            13.066669
          ],
          [
            77.638398,
            13.066669
          ],
          [
            77.638509,
            13.066681
          ],
          [
            77.638743,
            13.066706
          ],
          [
            77.638906,
            13.066724
          ],
          [
            77.638975,
            13.066718
          ],
          [
            77.639005,
            13.066715
          ],
          [
            77.639158,
            13.06671
          ],
          [
            77.639293,
            13.066683
          ],
          [
            77.639359,
            13.06667
          ],
          [
            77.639647,
            13.066627
          ],
          [
            77.639975,
            13.066548
          ],
          [
            77.640198,
            13.066503
          ],
          [
            77.640394,
            13.066447
          ],
          [
            77.640586,
            13.066393
          ],
          [
            77.64075,
            13.066346
          ],
          [
            77.641222,
            13.066237
          ],
          [
            77.641423,
            13.066186
          ],
          [
            77.641583,
            13.066145
          ],
          [
            77.641686,
            13.066119
          ],
          [
            77.641978,
            13.066047
          ],
          [
            77.642652,
            13.065865
          ],
          [
            77.642709,
            13.065849
          ],
          [
            77.643022,
            13.065764
          ],
          [
            77.643136,
            13.065736
          ],
          [
            77.643321,
            13.065684
          ],
          [
            77.64359,
            13.065606
          ],
          [
            77.645297,
            13.065081
          ],
          [
            77.645388,
            13.06505
          ],
          [
            77.6455,
            13.065007
          ],
          [
            77.645617,
            13.064988
          ],
          [
            77.64572,
            13.064975
          ],
          [
            77.645942,
            13.064947
          ],
          [
            77.646154,
            13.064921
          ],
          [
            77.646597,
            13.064857
          ],
          [
            77.646914,
            13.064812
          ],
          [
            77.647057,
            13.064785
          ],
          [
            77.647146,
            13.064767
          ],
          [
            77.647375,
            13.064701
          ],
          [
            77.647447,
            13.064675
          ],
          [
            77.647753,
            13.064568
          ],
          [
            77.648154,
            13.064459
          ],
          [
            77.648939,
            13.064247
          ],
          [
            77.649816,
            13.06402
          ],
          [
            77.649938,
            13.064042
          ],
          [
            77.650118,
            13.063995
          ],
          [
            77.650166,
            13.063931
          ],
          [
            77.650226,
            13.063909
          ],
          [
            77.650276,
            13.06383
          ],
          [
            77.650123,
            13.063674
          ],
          [
            77.649983,
            13.063472
          ],
          [
            77.649567,
            13.062845
          ],
          [
            77.649282,
            13.062455
          ],
          [
            77.649225,
            13.062414
          ],
          [
            77.649157,
            13.062321
          ],
          [
            77.649111,
            13.062253
          ],
          [
            77.649091,
            13.062223
          ],
          [
            77.649004,
            13.062053
          ],
          [
            77.648959,
            13.061939
          ],
          [
            77.648916,
            13.061771
          ],
          [
            77.648895,
            13.061443
          ],
          [
            77.648889,
            13.061389
          ],
          [
            77.648863,
            13.06114
          ],
          [
            77.648825,
            13.060695
          ],
          [
            77.648791,
            13.060301
          ],
          [
            77.648812,
            13.060242
          ],
          [
            77.648768,
            13.059484
          ],
          [
            77.648754,
            13.059242
          ],
          [
            77.648734,
            13.058194
          ],
          [
            77.648721,
            13.058046
          ],
          [
            77.648694,
            13.057852
          ],
          [
            77.648619,
            13.05759
          ],
          [
            77.648601,
            13.057545
          ],
          [
            77.648392,
            13.057066
          ],
          [
            77.64895,
            13.057094
          ],
          [
            77.649365,
            13.057065
          ],
          [
            77.649662,
            13.057039
          ],
          [
            77.64972,
            13.057034
          ],
          [
            77.650069,
            13.057004
          ],
          [
            77.650656,
            13.056953
          ],
          [
            77.650723,
            13.056948
          ],
          [
            77.651541,
            13.056877
          ],
          [
            77.651714,
            13.056499
          ],
          [
            77.652084,
            13.056028
          ],
          [
            77.652151,
            13.055944
          ],
          [
            77.652223,
            13.055941
          ],
          [
            77.652529,
            13.05593
          ],
          [
            77.652845,
            13.055999
          ],
          [
            77.653041,
            13.056009
          ],
          [
            77.653213,
            13.056003
          ],
          [
            77.653741,
            13.055907
          ],
          [
            77.65383,
            13.055908
          ],
          [
            77.653977,
            13.055908
          ],
          [
            77.654022,
            13.055909
          ],
          [
            77.654375,
            13.055929
          ],
          [
            77.654566,
            13.055939
          ],
          [
            77.654813,
            13.055957
          ],
          [
            77.654884,
            13.055966
          ],
          [
            77.655041,
            13.056005
          ],
          [
            77.655465,
            13.056097
          ],
          [
            77.657353,
            13.05588
          ],
          [
            77.657422,
            13.055931
          ],
          [
            77.65786,
            13.056234
          ],
          [
            77.657929,
            13.056269
          ],
          [
            77.658205,
            13.056355
          ],
          [
            77.65839,
            13.056378
          ],
          [
            77.658617,
            13.056365
          ],
          [
            77.658648,
            13.056363
          ],
          [
            77.659142,
            13.05634
          ],
          [
            77.659395,
            13.056407
          ],
          [
            77.659716,
            13.056448
          ],
          [
            77.660007,
            13.056459
          ],
          [
            77.660116,
            13.056455
          ],
          [
            77.660327,
            13.056448
          ],
          [
            77.660466,
            13.056422
          ],
          [
            77.6606,
            13.056377
          ],
          [
            77.66102,
            13.056179
          ],
          [
            77.661119,
            13.056118
          ],
          [
            77.661159,
            13.056099
          ],
          [
            77.661191,
            13.056084
          ],
          [
            77.661241,
            13.056062
          ],
          [
            77.661447,
            13.055968
          ],
          [
            77.661829,
            13.055796
          ],
          [
            77.661877,
            13.055774
          ],
          [
            77.661891,
            13.055768
          ],
          [
            77.662142,
            13.055654
          ],
          [
            77.662826,
            13.055205
          ],
          [
            77.663201,
            13.055161
          ],
          [
            77.663508,
            13.055125
          ],
          [
            77.663769,
            13.055095
          ],
          [
            77.66395,
            13.055074
          ],
          [
            77.664152,
            13.05501
          ],
          [
            77.664197,
            13.055004
          ],
          [
            77.664262,
            13.054996
          ],
          [
            77.664479,
            13.05497
          ],
          [
            77.664567,
            13.05496
          ],
          [
            77.664687,
            13.05494
          ],
          [
            77.664931,
            13.0549
          ],
          [
            77.66551,
            13.054829
          ],
          [
            77.665904,
            13.05478
          ],
          [
            77.666781,
            13.054569
          ],
          [
            77.666861,
            13.054551
          ],
          [
            77.667327,
            13.054453
          ],
          [
            77.667722,
            13.054374
          ],
          [
            77.667827,
            13.054356
          ],
          [
            77.667995,
            13.054326
          ],
          [
            77.668049,
            13.054317
          ],
          [
            77.668348,
            13.054269
          ],
          [
            77.668965,
            13.05417
          ],
          [
            77.669212,
            13.05414
          ],
          [
            77.669345,
            13.054145
          ],
          [
            77.669648,
            13.054158
          ],
          [
            77.669699,
            13.054166
          ],
          [
            77.670042,
            13.054252
          ],
          [
            77.670176,
            13.05428
          ],
          [
            77.670247,
            13.054309
          ],
          [
            77.670595,
            13.054487
          ],
          [
            77.670798,
            13.054529
          ],
          [
            77.670898,
            13.054531
          ],
          [
            77.67103,
            13.05448
          ],
          [
            77.671385,
            13.054214
          ],
          [
            77.671392,
            13.054174
          ],
          [
            77.671447,
            13.053728
          ],
          [
            77.671479,
            13.053585
          ],
          [
            77.671484,
            13.05343
          ],
          [
            77.671504,
            13.052849
          ],
          [
            77.671654,
            13.052817
          ],
          [
            77.671846,
            13.052831
          ],
          [
            77.671989,
            13.05287
          ],
          [
            77.67238,
            13.053035
          ],
          [
            77.672465,
            13.053071
          ],
          [
            77.672587,
            13.053122
          ],
          [
            77.672673,
            13.053132
          ],
          [
            77.672888,
            13.053157
          ],
          [
            77.673102,
            13.053181
          ],
          [
            77.673161,
            13.053188
          ],
          [
            77.67336,
            13.053196
          ],
          [
            77.673556,
            13.053204
          ],
          [
            77.673823,
            13.053215
          ],
          [
            77.67399,
            13.053204
          ],
          [
            77.67418,
            13.053177
          ],
          [
            77.674363,
            13.053151
          ],
          [
            77.674568,
            13.053089
          ],
          [
            77.674813,
            13.052981
          ],
          [
            77.675298,
            13.05277
          ],
          [
            77.675352,
            13.052747
          ],
          [
            77.675499,
            13.052703
          ],
          [
            77.675643,
            13.052661
          ],
          [
            77.676122,
            13.052589
          ],
          [
            77.676905,
            13.052504
          ],
          [
            77.677681,
            13.052457
          ],
          [
            77.678399,
            13.052413
          ],
          [
            77.67887,
            13.05243
          ],
          [
            77.678942,
            13.052431
          ],
          [
            77.679581,
            13.052476
          ],
          [
            77.679852,
            13.052465
          ],
          [
            77.680078,
            13.0524
          ],
          [
            77.680636,
            13.052145
          ],
          [
            77.681068,
            13.051958
          ],
          [
            77.681127,
            13.052079
          ],
          [
            77.681192,
            13.052248
          ],
          [
            77.681253,
            13.052327
          ],
          [
            77.681357,
            13.052361
          ],
          [
            77.681505,
            13.05237
          ],
          [
            77.681989,
            13.052331
          ],
          [
            77.682075,
            13.052325
          ],
          [
            77.68247,
            13.052317
          ],
          [
            77.683011,
            13.052305
          ],
          [
            77.683097,
            13.052302
          ],
          [
            77.683298,
            13.052294
          ],
          [
            77.684132,
            13.052213
          ],
          [
            77.68445,
            13.052168
          ],
          [
            77.684891,
            13.052089
          ],
          [
            77.685461,
            13.051987
          ],
          [
            77.686077,
            13.051877
          ],
          [
            77.686206,
            13.051854
          ],
          [
            77.686509,
            13.051819
          ],
          [
            77.68662,
            13.051807
          ],
          [
            77.686958,
            13.051769
          ],
          [
            77.687118,
            13.05175
          ],
          [
            77.687158,
            13.051746
          ],
          [
            77.687425,
            13.051735
          ],
          [
            77.687526,
            13.051728
          ],
          [
            77.687567,
            13.051725
          ],
          [
            77.687715,
            13.051718
          ],
          [
            77.687853,
            13.051725
          ],
          [
            77.687957,
            13.051727
          ],
          [
            77.688478,
            13.051733
          ],
          [
            77.68858,
            13.051734
          ],
          [
            77.688869,
            13.051737
          ],
          [
            77.689379,
            13.051712
          ],
          [
            77.689465,
            13.051708
          ],
          [
            77.689643,
            13.051698
          ],
          [
            77.690363,
            13.051655
          ],
          [
            77.690454,
            13.051652
          ],
          [
            77.69052,
            13.051649
          ],
          [
            77.690592,
            13.051646
          ],
          [
            77.690886,
            13.051636
          ],
          [
            77.691163,
            13.051627
          ],
          [
            77.691241,
            13.051635
          ],
          [
            77.691631,
            13.051687
          ],
          [
            77.691884,
            13.051721
          ],
          [
            77.691931,
            13.051727
          ],
          [
            77.692107,
            13.051753
          ],
          [
            77.692175,
            13.051763
          ],
          [
            77.692506,
            13.051806
          ],
          [
            77.69258,
            13.05182
          ],
          [
            77.692763,
            13.051856
          ],
          [
            77.693005,
            13.051898
          ],
          [
            77.693288,
            13.051948
          ],
          [
            77.693924,
            13.052059
          ],
          [
            77.694272,
            13.05212
          ],
          [
            77.694477,
            13.052156
          ],
          [
            77.694546,
            13.052168
          ],
          [
            77.695024,
            13.052251
          ],
          [
            77.695624,
            13.052391
          ],
          [
            77.695667,
            13.052401
          ],
          [
            77.695688,
            13.052406
          ],
          [
            77.695814,
            13.052435
          ],
          [
            77.696141,
            13.052501
          ],
          [
            77.696181,
            13.052509
          ],
          [
            77.696542,
            13.052584
          ],
          [
            77.696802,
            13.052602
          ],
          [
            77.697249,
            13.052632
          ],
          [
            77.697573,
            13.052653
          ],
          [
            77.697908,
            13.052667
          ],
          [
            77.698405,
            13.052689
          ],
          [
            77.69855,
            13.052679
          ],
          [
            77.699077,
            13.052546
          ],
          [
            77.699688,
            13.052416
          ],
          [
            77.699811,
            13.052426
          ],
          [
            77.699926,
            13.052456
          ],
          [
            77.699982,
            13.052524
          ],
          [
            77.700009,
            13.052622
          ],
          [
            77.699991,
            13.053068
          ],
          [
            77.699989,
            13.053109
          ],
          [
            77.699931,
            13.054054
          ],
          [
            77.699919,
            13.054259
          ],
          [
            77.69995,
            13.054351
          ],
          [
            77.700006,
            13.054431
          ],
          [
            77.70008,
            13.054481
          ],
          [
            77.700169,
            13.054515
          ],
          [
            77.701213,
            13.054651
          ],
          [
            77.702908,
            13.05486
          ],
          [
            77.703229,
            13.054916
          ],
          [
            77.703518,
            13.054933
          ],
          [
            77.703641,
            13.054941
          ],
          [
            77.703926,
            13.054995
          ],
          [
            77.70443,
            13.055091
          ],
          [
            77.704572,
            13.055146
          ],
          [
            77.70484,
            13.055249
          ],
          [
            77.704958,
            13.055294
          ],
          [
            77.705206,
            13.05539
          ],
          [
            77.705323,
            13.055429
          ],
          [
            77.705559,
            13.055507
          ],
          [
            77.705722,
            13.055506
          ],
          [
            77.705882,
            13.055437
          ],
          [
            77.705943,
            13.055411
          ],
          [
            77.70605,
            13.055373
          ],
          [
            77.706164,
            13.055332
          ],
          [
            77.706234,
            13.055322
          ],
          [
            77.706567,
            13.055277
          ],
          [
            77.706766,
            13.055259
          ],
          [
            77.707152,
            13.055226
          ],
          [
            77.707756,
            13.055173
          ],
          [
            77.707856,
            13.055168
          ],
          [
            77.708243,
            13.055148
          ],
          [
            77.708782,
            13.055244
          ],
          [
            77.709803,
            13.055426
          ],
          [
            77.710042,
            13.055502
          ],
          [
            77.71008,
            13.055514
          ],
          [
            77.710453,
            13.055633
          ],
          [
            77.710488,
            13.055644
          ],
          [
            77.710696,
            13.05571
          ],
          [
            77.7108,
            13.055751
          ],
          [
            77.71092,
            13.055799
          ],
          [
            77.711033,
            13.055843
          ],
          [
            77.711586,
            13.056062
          ],
          [
            77.7116,
            13.056067
          ],
          [
            77.712027,
            13.056272
          ],
          [
            77.712287,
            13.056397
          ],
          [
            77.712538,
            13.056514
          ],
          [
            77.712665,
            13.056573
          ],
          [
            77.712945,
            13.056705
          ],
          [
            77.713021,
            13.05674
          ],
          [
            77.713219,
            13.056822
          ],
          [
            77.713449,
            13.056917
          ],
          [
            77.713483,
            13.056921
          ],
          [
            77.713502,
            13.056923
          ],
          [
            77.714205,
            13.05701
          ],
          [
            77.714417,
            13.056994
          ],
          [
            77.714523,
            13.056986
          ],
          [
            77.714819,
            13.056927
          ],
          [
            77.714997,
            13.056895
          ],
          [
            77.715102,
            13.056874
          ],
          [
            77.715132,
            13.05687
          ],
          [
            77.71549,
            13.056772
          ],
          [
            77.716079,
            13.056618
          ],
          [
            77.716302,
            13.056485
          ],
          [
            77.716348,
            13.05645
          ],
          [
            77.7167,
            13.056181
          ],
          [
            77.71704,
            13.05592
          ],
          [
            77.717157,
            13.05583
          ],
          [
            77.717484,
            13.055599
          ],
          [
            77.717633,
            13.055456
          ],
          [
            77.717706,
            13.055386
          ],
          [
            77.717935,
            13.054891
          ],
          [
            77.718077,
            13.054584
          ],
          [
            77.718241,
            13.05423
          ],
          [
            77.718394,
            13.053901
          ],
          [
            77.718607,
            13.053466
          ],
          [
            77.718672,
            13.053334
          ],
          [
            77.718705,
            13.053236
          ],
          [
            77.718765,
            13.053055
          ],
          [
            77.718964,
            13.052453
          ],
          [
            77.719184,
            13.051789
          ],
          [
            77.719194,
            13.05176
          ],
          [
            77.719569,
            13.050962
          ],
          [
            77.719971,
            13.050105
          ],
          [
            77.720026,
            13.049987
          ],
          [
            77.72014,
            13.049745
          ],
          [
            77.720303,
            13.049419
          ],
          [
            77.720362,
            13.049301
          ],
          [
            77.720473,
            13.049081
          ],
          [
            77.720554,
            13.048919
          ],
          [
            77.7207,
            13.048501
          ],
          [
            77.720792,
            13.048146
          ],
          [
            77.72086,
            13.047887
          ],
          [
            77.720932,
            13.04761
          ],
          [
            77.72094,
            13.047576
          ],
          [
            77.721185,
            13.046466
          ],
          [
            77.721264,
            13.046279
          ],
          [
            77.721521,
            13.046079
          ],
          [
            77.721609,
            13.046047
          ],
          [
            77.721823,
            13.045971
          ],
          [
            77.721965,
            13.045921
          ],
          [
            77.72265,
            13.045795
          ],
          [
            77.722933,
            13.0457
          ],
          [
            77.723108,
            13.045641
          ],
          [
            77.723444,
            13.045508
          ],
          [
            77.723597,
            13.045447
          ],
          [
            77.723668,
            13.045418
          ],
          [
            77.723988,
            13.045268
          ],
          [
            77.724155,
            13.045148
          ],
          [
            77.724406,
            13.044967
          ],
          [
            77.724489,
            13.044908
          ],
          [
            77.724636,
            13.044802
          ],
          [
            77.724729,
            13.044735
          ],
          [
            77.72479,
            13.044685
          ],
          [
            77.724907,
            13.044589
          ],
          [
            77.724975,
            13.044529
          ],
          [
            77.725482,
            13.044085
          ],
          [
            77.725594,
            13.043986
          ],
          [
            77.72571,
            13.043886
          ],
          [
            77.725916,
            13.043689
          ],
          [
            77.726118,
            13.043497
          ],
          [
            77.726284,
            13.043338
          ],
          [
            77.726483,
            13.043148
          ],
          [
            77.726771,
            13.042874
          ],
          [
            77.727047,
            13.042611
          ],
          [
            77.727149,
            13.042483
          ],
          [
            77.727361,
            13.042218
          ],
          [
            77.727473,
            13.042078
          ],
          [
            77.727685,
            13.041482
          ],
          [
            77.727743,
            13.041323
          ],
          [
            77.727799,
            13.041173
          ],
          [
            77.72783,
            13.041089
          ],
          [
            77.727845,
            13.041047
          ],
          [
            77.728211,
            13.040649
          ],
          [
            77.728289,
            13.040564
          ],
          [
            77.728514,
            13.040379
          ],
          [
            77.728684,
            13.040239
          ],
          [
            77.728971,
            13.040004
          ],
          [
            77.729294,
            13.039738
          ],
          [
            77.729326,
            13.039712
          ],
          [
            77.729551,
            13.039566
          ],
          [
            77.730044,
            13.039247
          ],
          [
            77.730265,
            13.039104
          ],
          [
            77.730514,
            13.038942
          ],
          [
            77.731156,
            13.038521
          ],
          [
            77.731335,
            13.038409
          ],
          [
            77.731539,
            13.038281
          ],
          [
            77.731577,
            13.038257
          ],
          [
            77.731746,
            13.038151
          ],
          [
            77.731817,
            13.038107
          ],
          [
            77.732303,
            13.037797
          ],
          [
            77.732562,
            13.037633
          ],
          [
            77.732768,
            13.037531
          ],
          [
            77.732923,
            13.037454
          ],
          [
            77.733086,
            13.037374
          ],
          [
            77.733541,
            13.037149
          ],
          [
            77.733598,
            13.03712
          ],
          [
            77.733675,
            13.037084
          ],
          [
            77.734618,
            13.036638
          ],
          [
            77.73496,
            13.036476
          ],
          [
            77.735103,
            13.036408
          ],
          [
            77.735268,
            13.036274
          ],
          [
            77.735289,
            13.0362
          ],
          [
            77.735325,
            13.036071
          ],
          [
            77.735341,
            13.035829
          ],
          [
            77.735344,
            13.035786
          ],
          [
            77.735397,
            13.035673
          ],
          [
            77.73571,
            13.035893
          ],
          [
            77.735845,
            13.035988
          ],
          [
            77.73663,
            13.03654
          ],
          [
            77.737196,
            13.036937
          ],
          [
            77.739082,
            13.038286
          ],
          [
            77.73981,
            13.038828
          ],
          [
            77.739963,
            13.038942
          ],
          [
            77.740079,
            13.039036
          ],
          [
            77.74016,
            13.038908
          ],
          [
            77.741709,
            13.040033
          ],
          [
            77.744476,
            13.041987
          ],
          [
            77.744952,
            13.042323
          ],
          [
            77.74673,
            13.043596
          ],
          [
            77.747134,
            13.043885
          ],
          [
            77.74768,
            13.04429
          ],
          [
            77.748222,
            13.044674
          ],
          [
            77.749127,
            13.045315
          ],
          [
            77.749986,
            13.045958
          ],
          [
            77.750516,
            13.046326
          ],
          [
            77.751795,
            13.047247
          ],
          [
            77.752946,
            13.048037
          ],
          [
            77.754033,
            13.048813
          ],
          [
            77.755451,
            13.049816
          ],
          [
            77.755652,
            13.04998
          ],
          [
            77.756184,
            13.050352
          ],
          [
            77.756548,
            13.050621
          ],
          [
            77.756813,
            13.050786
          ],
          [
            77.756943,
            13.050863
          ],
          [
            77.757772,
            13.051318
          ],
          [
            77.758466,
            13.051716
          ],
          [
            77.758861,
            13.051944
          ],
          [
            77.759639,
            13.052381
          ],
          [
            77.759827,
            13.052485
          ],
          [
            77.759909,
            13.052532
          ],
          [
            77.760068,
            13.052618
          ],
          [
            77.760509,
            13.052859
          ],
          [
            77.760815,
            13.053024
          ],
          [
            77.761152,
            13.05321
          ],
          [
            77.761512,
            13.053424
          ],
          [
            77.761701,
            13.053533
          ],
          [
            77.761921,
            13.05367
          ],
          [
            77.762065,
            13.05374
          ],
          [
            77.762345,
            13.053913
          ],
          [
            77.762792,
            13.054149
          ],
          [
            77.763133,
            13.05434
          ],
          [
            77.763456,
            13.054519
          ],
          [
            77.763601,
            13.054589
          ],
          [
            77.764218,
            13.054884
          ],
          [
            77.765366,
            13.055413
          ],
          [
            77.765693,
            13.055543
          ],
          [
            77.76636,
            13.055839
          ],
          [
            77.767246,
            13.056258
          ],
          [
            77.767322,
            13.056298
          ],
          [
            77.767849,
            13.056627
          ],
          [
            77.768212,
            13.05688
          ],
          [
            77.768381,
            13.056998
          ],
          [
            77.76857,
            13.057141
          ],
          [
            77.768647,
            13.057206
          ],
          [
            77.768933,
            13.057453
          ],
          [
            77.7693,
            13.057831
          ],
          [
            77.769319,
            13.057853
          ],
          [
            77.7699,
            13.058527
          ],
          [
            77.77029,
            13.059123
          ],
          [
            77.770422,
            13.059274
          ],
          [
            77.77059,
            13.059467
          ],
          [
            77.770637,
            13.059514
          ],
          [
            77.770687,
            13.059564
          ],
          [
            77.772024,
            13.061072
          ],
          [
            77.772144,
            13.061194
          ],
          [
            77.772693,
            13.061816
          ],
          [
            77.773412,
            13.062647
          ],
          [
            77.773692,
            13.062942
          ],
          [
            77.774572,
            13.063845
          ],
          [
            77.775548,
            13.064971
          ],
          [
            77.776094,
            13.06562
          ],
          [
            77.776685,
            13.066296
          ],
          [
            77.777042,
            13.066641
          ],
          [
            77.777416,
            13.066933
          ],
          [
            77.777803,
            13.067186
          ],
          [
            77.778133,
            13.06738
          ],
          [
            77.782428,
            13.069686
          ],
          [
            77.782512,
            13.069732
          ],
          [
            77.782817,
            13.069897
          ],
          [
            77.783365,
            13.070196
          ],
          [
            77.783625,
            13.070338
          ],
          [
            77.784357,
            13.07073
          ],
          [
            77.785311,
            13.071241
          ],
          [
            77.786348,
            13.071852
          ],
          [
            77.786764,
            13.072087
          ],
          [
            77.78755,
            13.072516
          ],
          [
            77.790869,
            13.074411
          ],
          [
            77.790952,
            13.074458
          ],
          [
            77.790993,
            13.074482
          ],
          [
            77.791056,
            13.074518
          ],
          [
            77.793527,
            13.075955
          ],
          [
            77.79454,
            13.076529
          ],
          [
            77.794988,
            13.076799
          ],
          [
            77.795125,
            13.076877
          ],
          [
            77.795516,
            13.077054
          ],
          [
            77.79588,
            13.07719
          ],
          [
            77.796228,
            13.077272
          ],
          [
            77.796747,
            13.077357
          ],
          [
            77.797116,
            13.077376
          ],
          [
            77.801129,
            13.077473
          ],
          [
            77.801882,
            13.07743
          ],
          [
            77.80234,
            13.077419
          ],
          [
            77.803164,
            13.077306
          ],
          [
            77.804259,
            13.077129
          ],
          [
            77.804885,
            13.077041
          ],
          [
            77.805907,
            13.076921
          ],
          [
            77.806454,
            13.076915
          ],
          [
            77.807069,
            13.076973
          ],
          [
            77.80756,
            13.077073
          ],
          [
            77.807932,
            13.077187
          ],
          [
            77.808234,
            13.07729
          ],
          [
            77.809069,
            13.077684
          ],
          [
            77.809672,
            13.078005
          ],
          [
            77.81124,
            13.078863
          ],
          [
            77.811313,
            13.078903
          ],
          [
            77.812379,
            13.079473
          ],
          [
            77.813128,
            13.079882
          ],
          [
            77.813449,
            13.080068
          ],
          [
            77.814226,
            13.080569
          ],
          [
            77.814784,
            13.080923
          ],
          [
            77.815517,
            13.081404
          ],
          [
            77.816062,
            13.081741
          ],
          [
            77.816842,
            13.082183
          ],
          [
            77.817007,
            13.082277
          ],
          [
            77.817943,
            13.08269
          ],
          [
            77.81824,
            13.082829
          ],
          [
            77.819322,
            13.083326
          ],
          [
            77.819581,
            13.083445
          ],
          [
            77.819912,
            13.083593
          ],
          [
            77.820709,
            13.08395
          ],
          [
            77.821172,
            13.084127
          ],
          [
            77.821892,
            13.084311
          ],
          [
            77.822897,
            13.084388
          ],
          [
            77.823684,
            13.084475
          ],
          [
            77.823856,
            13.084527
          ],
          [
            77.82416,
            13.084766
          ],
          [
            77.824491,
            13.085203
          ],
          [
            77.824559,
            13.085381
          ],
          [
            77.824584,
            13.085566
          ],
          [
            77.824501,
            13.085884
          ],
          [
            77.824364,
            13.086099
          ],
          [
            77.824152,
            13.086279
          ],
          [
            77.823833,
            13.086417
          ],
          [
            77.823536,
            13.086425
          ],
          [
            77.823342,
            13.086397
          ],
          [
            77.823176,
            13.086337
          ],
          [
            77.823037,
            13.086225
          ],
          [
            77.822924,
            13.086096
          ],
          [
            77.822648,
            13.085613
          ],
          [
            77.822761,
            13.084619
          ],
          [
            77.822817,
            13.083982
          ],
          [
            77.822892,
            13.08227
          ],
          [
            77.822922,
            13.082031
          ],
          [
            77.82316,
            13.080103
          ],
          [
            77.823733,
            13.076223
          ],
          [
            77.824756,
            13.069864
          ],
          [
            77.824865,
            13.069164
          ],
          [
            77.824886,
            13.069048
          ],
          [
            77.82509,
            13.067902
          ],
          [
            77.82517,
            13.067417
          ],
          [
            77.825402,
            13.065373
          ],
          [
            77.825439,
            13.064716
          ],
          [
            77.825467,
            13.06358
          ],
          [
            77.82539,
            13.061783
          ],
          [
            77.825366,
            13.061432
          ],
          [
            77.825185,
            13.059778
          ],
          [
            77.825042,
            13.057924
          ],
          [
            77.824922,
            13.056361
          ],
          [
            77.824687,
            13.051429
          ],
          [
            77.82454,
            13.048252
          ],
          [
            77.824522,
            13.047697
          ],
          [
            77.824514,
            13.047379
          ],
          [
            77.824516,
            13.047101
          ],
          [
            77.82453,
            13.046781
          ],
          [
            77.824561,
            13.046423
          ],
          [
            77.824594,
            13.046138
          ],
          [
            77.824624,
            13.045926
          ],
          [
            77.824655,
            13.045769
          ],
          [
            77.824708,
            13.045521
          ],
          [
            77.824749,
            13.045349
          ],
          [
            77.824795,
            13.045182
          ],
          [
            77.824826,
            13.045077
          ],
          [
            77.824927,
            13.044764
          ],
          [
            77.825064,
            13.04441
          ],
          [
            77.825208,
            13.044101
          ],
          [
            77.825381,
            13.043769
          ],
          [
            77.825523,
            13.043502
          ],
          [
            77.825709,
            13.043171
          ],
          [
            77.825883,
            13.042885
          ],
          [
            77.826121,
            13.042514
          ],
          [
            77.826298,
            13.042262
          ],
          [
            77.826431,
            13.042085
          ],
          [
            77.826511,
            13.041991
          ],
          [
            77.82661,
            13.041883
          ],
          [
            77.826725,
            13.041765
          ],
          [
            77.826862,
            13.041627
          ],
          [
            77.826978,
            13.041521
          ],
          [
            77.82708,
            13.041431
          ],
          [
            77.827168,
            13.041352
          ],
          [
            77.827253,
            13.041281
          ],
          [
            77.827397,
            13.041166
          ],
          [
            77.827553,
            13.041045
          ],
          [
            77.827714,
            13.040921
          ],
          [
            77.827826,
            13.040838
          ],
          [
            77.82791,
            13.040777
          ],
          [
            77.82801,
            13.040708
          ],
          [
            77.82812,
            13.04064
          ],
          [
            77.828426,
            13.040447
          ],
          [
            77.828593,
            13.04035
          ],
          [
            77.828776,
            13.040247
          ],
          [
            77.828942,
            13.040162
          ],
          [
            77.829159,
            13.040058
          ],
          [
            77.829359,
            13.039967
          ],
          [
            77.82955,
            13.039885
          ],
          [
            77.829712,
            13.039821
          ],
          [
            77.829789,
            13.039792
          ],
          [
            77.829949,
            13.039734
          ],
          [
            77.830104,
            13.039684
          ],
          [
            77.830341,
            13.039612
          ],
          [
            77.830636,
            13.039529
          ],
          [
            77.830844,
            13.039478
          ],
          [
            77.831077,
            13.039429
          ],
          [
            77.831372,
            13.039375
          ],
          [
            77.831663,
            13.039333
          ],
          [
            77.832086,
            13.039288
          ],
          [
            77.832534,
            13.039269
          ],
          [
            77.832852,
            13.039268
          ],
          [
            77.833253,
            13.039279
          ],
          [
            77.83385,
            13.039312
          ],
          [
            77.834439,
            13.039349
          ],
          [
            77.835114,
            13.039392
          ],
          [
            77.835698,
            13.03943
          ],
          [
            77.835792,
            13.039436
          ],
          [
            77.836564,
            13.039487
          ],
          [
            77.837314,
            13.039537
          ],
          [
            77.837565,
            13.039554
          ],
          [
            77.837776,
            13.039568
          ],
          [
            77.838162,
            13.039594
          ],
          [
            77.838548,
            13.039617
          ],
          [
            77.838849,
            13.03964
          ],
          [
            77.839,
            13.039651
          ],
          [
            77.839321,
            13.039671
          ],
          [
            77.839886,
            13.039709
          ],
          [
            77.840419,
            13.039744
          ],
          [
            77.840678,
            13.039761
          ],
          [
            77.841211,
            13.039796
          ],
          [
            77.842579,
            13.039886
          ],
          [
            77.842818,
            13.0399
          ],
          [
            77.845863,
            13.040094
          ],
          [
            77.846613,
            13.040144
          ],
          [
            77.846742,
            13.040152
          ],
          [
            77.847406,
            13.040194
          ],
          [
            77.849884,
            13.040356
          ],
          [
            77.856551,
            13.040788
          ],
          [
            77.857682,
            13.040865
          ],
          [
            77.85837,
            13.040914
          ],
          [
            77.858475,
            13.04092
          ],
          [
            77.861771,
            13.041133
          ],
          [
            77.862356,
            13.041172
          ],
          [
            77.862495,
            13.041179
          ],
          [
            77.863351,
            13.041235
          ],
          [
            77.863704,
            13.041258
          ],
          [
            77.864615,
            13.041316
          ],
          [
            77.867802,
            13.041524
          ],
          [
            77.869932,
            13.041667
          ],
          [
            77.873131,
            13.041882
          ],
          [
            77.87574,
            13.042055
          ],
          [
            77.877437,
            13.042162
          ],
          [
            77.878459,
            13.042228
          ],
          [
            77.879063,
            13.042267
          ],
          [
            77.880435,
            13.042353
          ],
          [
            77.881515,
            13.042416
          ],
          [
            77.881782,
            13.042433
          ],
          [
            77.882197,
            13.042464
          ],
          [
            77.882454,
            13.042488
          ],
          [
            77.882581,
            13.042497
          ],
          [
            77.882655,
            13.042505
          ],
          [
            77.882725,
            13.042512
          ],
          [
            77.883187,
            13.042561
          ],
          [
            77.883526,
            13.042601
          ],
          [
            77.883992,
            13.042661
          ],
          [
            77.884452,
            13.042725
          ],
          [
            77.884992,
            13.042806
          ],
          [
            77.88533,
            13.042856
          ],
          [
            77.885814,
            13.042929
          ],
          [
            77.886188,
            13.042983
          ],
          [
            77.888093,
            13.043264
          ],
          [
            77.88877,
            13.043365
          ],
          [
            77.888883,
            13.043381
          ],
          [
            77.891969,
            13.043841
          ],
          [
            77.893112,
            13.044011
          ],
          [
            77.894415,
            13.044206
          ],
          [
            77.895457,
            13.044342
          ],
          [
            77.895908,
            13.0444
          ],
          [
            77.896462,
            13.04446
          ],
          [
            77.896935,
            13.044508
          ],
          [
            77.89754,
            13.044564
          ],
          [
            77.898141,
            13.044616
          ],
          [
            77.898576,
            13.044651
          ],
          [
            77.898947,
            13.044678
          ],
          [
            77.899585,
            13.044718
          ],
          [
            77.900235,
            13.044755
          ],
          [
            77.900809,
            13.044779
          ],
          [
            77.901222,
            13.044798
          ],
          [
            77.901703,
            13.044813
          ],
          [
            77.902478,
            13.044829
          ],
          [
            77.902587,
            13.04483
          ],
          [
            77.903264,
            13.044834
          ],
          [
            77.904241,
            13.044832
          ],
          [
            77.904367,
            13.04483
          ],
          [
            77.905334,
            13.044812
          ],
          [
            77.906163,
            13.044789
          ],
          [
            77.910267,
            13.044662
          ],
          [
            77.910501,
            13.044658
          ],
          [
            77.910772,
            13.04466
          ],
          [
            77.911099,
            13.044661
          ],
          [
            77.911413,
            13.044661
          ],
          [
            77.91186,
            13.044654
          ],
          [
            77.912231,
            13.044652
          ],
          [
            77.912465,
            13.044648
          ],
          [
            77.912548,
            13.044646
          ],
          [
            77.913279,
            13.044634
          ],
          [
            77.913446,
            13.044631
          ],
          [
            77.913929,
            13.04462
          ],
          [
            77.914624,
            13.044608
          ],
          [
            77.914748,
            13.044606
          ],
          [
            77.915746,
            13.044597
          ],
          [
            77.91692,
            13.044586
          ],
          [
            77.917325,
            13.04458
          ],
          [
            77.917504,
            13.044572
          ],
          [
            77.917563,
            13.044569
          ],
          [
            77.917646,
            13.044565
          ],
          [
            77.917771,
            13.044557
          ],
          [
            77.917875,
            13.04455
          ],
          [
            77.918031,
            13.044541
          ],
          [
            77.918104,
            13.044537
          ],
          [
            77.918578,
            13.044505
          ],
          [
            77.918961,
            13.044479
          ],
          [
            77.919183,
            13.044464
          ],
          [
            77.91985,
            13.044419
          ],
          [
            77.921055,
            13.044338
          ],
          [
            77.921748,
            13.044317
          ],
          [
            77.922061,
            13.044308
          ],
          [
            77.922444,
            13.044297
          ],
          [
            77.922912,
            13.044285
          ],
          [
            77.925323,
            13.044211
          ],
          [
            77.931976,
            13.044007
          ],
          [
            77.936306,
            13.043878
          ],
          [
            77.938001,
            13.043824
          ],
          [
            77.938961,
            13.043774
          ],
          [
            77.939303,
            13.043747
          ],
          [
            77.939876,
            13.043691
          ],
          [
            77.940551,
            13.04362
          ],
          [
            77.941267,
            13.043525
          ],
          [
            77.942249,
            13.043391
          ],
          [
            77.944502,
            13.043073
          ],
          [
            77.944718,
            13.043036
          ],
          [
            77.945317,
            13.042959
          ],
          [
            77.946751,
            13.042842
          ],
          [
            77.955148,
            13.042177
          ],
          [
            77.964218,
            13.04148
          ],
          [
            77.964326,
            13.041471
          ],
          [
            77.964986,
            13.041417
          ],
          [
            77.966664,
            13.041289
          ],
          [
            77.966806,
            13.041278
          ],
          [
            77.969713,
            13.041056
          ],
          [
            77.969812,
            13.041046
          ],
          [
            77.970402,
            13.041001
          ],
          [
            77.971085,
            13.040943
          ],
          [
            77.972015,
            13.040854
          ],
          [
            77.972542,
            13.040775
          ],
          [
            77.973166,
            13.040665
          ],
          [
            77.973805,
            13.04054
          ],
          [
            77.974359,
            13.040403
          ],
          [
            77.974918,
            13.040257
          ],
          [
            77.975402,
            13.04011
          ],
          [
            77.976048,
            13.039902
          ],
          [
            77.97674,
            13.039671
          ],
          [
            77.977807,
            13.03929
          ],
          [
            77.978903,
            13.038908
          ],
          [
            77.979782,
            13.038687
          ],
          [
            77.980541,
            13.038535
          ],
          [
            77.981223,
            13.038466
          ],
          [
            77.981939,
            13.038452
          ],
          [
            77.982566,
            13.038481
          ],
          [
            77.983097,
            13.038526
          ],
          [
            77.983421,
            13.038551
          ],
          [
            77.986161,
            13.038796
          ],
          [
            77.987271,
            13.038899
          ],
          [
            77.987872,
            13.038959
          ],
          [
            77.988773,
            13.039015
          ],
          [
            77.989414,
            13.039041
          ],
          [
            77.989903,
            13.039033
          ],
          [
            77.990706,
            13.038967
          ],
          [
            77.991404,
            13.038889
          ],
          [
            77.991991,
            13.038793
          ],
          [
            77.992633,
            13.038654
          ],
          [
            77.993491,
            13.038462
          ],
          [
            77.99489,
            13.038123
          ],
          [
            77.995439,
            13.037987
          ],
          [
            77.995823,
            13.037883
          ],
          [
            77.996801,
            13.037602
          ],
          [
            77.997477,
            13.037428
          ],
          [
            77.998325,
            13.037245
          ],
          [
            77.999164,
            13.03711
          ],
          [
            77.999304,
            13.037099
          ],
          [
            77.999533,
            13.037081
          ],
          [
            78.001104,
            13.036957
          ],
          [
            78.00155,
            13.036929
          ],
          [
            78.003214,
            13.036823
          ],
          [
            78.004378,
            13.036749
          ],
          [
            78.005442,
            13.036681
          ],
          [
            78.00941,
            13.036461
          ],
          [
            78.010488,
            13.036394
          ],
          [
            78.011839,
            13.036309
          ],
          [
            78.012388,
            13.036263
          ],
          [
            78.012527,
            13.036249
          ],
          [
            78.012657,
            13.03624
          ],
          [
            78.013133,
            13.036226
          ],
          [
            78.013856,
            13.036219
          ],
          [
            78.014497,
            13.036214
          ],
          [
            78.016821,
            13.03622
          ],
          [
            78.017863,
            13.036192
          ],
          [
            78.018002,
            13.036185
          ],
          [
            78.018132,
            13.03618
          ],
          [
            78.018464,
            13.036163
          ],
          [
            78.019037,
            13.036128
          ],
          [
            78.020022,
            13.036078
          ],
          [
            78.02062,
            13.036016
          ],
          [
            78.021139,
            13.035941
          ],
          [
            78.021631,
            13.035868
          ],
          [
            78.024203,
            13.035454
          ],
          [
            78.024786,
            13.035366
          ],
          [
            78.025407,
            13.035266
          ],
          [
            78.026019,
            13.035193
          ],
          [
            78.026747,
            13.035138
          ],
          [
            78.027242,
            13.035115
          ],
          [
            78.027798,
            13.035102
          ],
          [
            78.028513,
            13.035102
          ],
          [
            78.028992,
            13.035096
          ],
          [
            78.029071,
            13.035095
          ],
          [
            78.029471,
            13.035089
          ],
          [
            78.030837,
            13.035089
          ],
          [
            78.031476,
            13.035086
          ],
          [
            78.033821,
            13.035054
          ],
          [
            78.039546,
            13.035015
          ],
          [
            78.039655,
            13.035015
          ],
          [
            78.041781,
            13.035
          ],
          [
            78.041842,
            13.035
          ],
          [
            78.04207,
            13.034997
          ],
          [
            78.042289,
            13.034994
          ],
          [
            78.044533,
            13.03501
          ],
          [
            78.044709,
            13.035012
          ],
          [
            78.046206,
            13.035028
          ],
          [
            78.046444,
            13.035029
          ],
          [
            78.046835,
            13.035029
          ],
          [
            78.047496,
            13.035033
          ],
          [
            78.048026,
            13.035054
          ],
          [
            78.048812,
            13.035102
          ],
          [
            78.049391,
            13.035146
          ],
          [
            78.050317,
            13.035247
          ],
          [
            78.051128,
            13.035359
          ],
          [
            78.051875,
            13.035466
          ],
          [
            78.052006,
            13.035487
          ],
          [
            78.052112,
            13.035504
          ],
          [
            78.054203,
            13.035846
          ],
          [
            78.060185,
            13.036825
          ],
          [
            78.061008,
            13.036958
          ],
          [
            78.062126,
            13.037133
          ],
          [
            78.064617,
            13.037497
          ],
          [
            78.068107,
            13.037647
          ],
          [
            78.068614,
            13.037672
          ],
          [
            78.069008,
            13.037691
          ],
          [
            78.077853,
            13.03812
          ],
          [
            78.078007,
            13.038131
          ],
          [
            78.078261,
            13.038148
          ],
          [
            78.080585,
            13.038307
          ],
          [
            78.089449,
            13.037834
          ],
          [
            78.089726,
            13.037819
          ],
          [
            78.096282,
            13.03747
          ],
          [
            78.100348,
            13.037488
          ],
          [
            78.104301,
            13.037428
          ],
          [
            78.112106,
            13.036502
          ],
          [
            78.118463,
            13.036275
          ],
          [
            78.122342,
            13.03575
          ],
          [
            78.122622,
            13.035645
          ],
          [
            78.123396,
            13.035355
          ],
          [
            78.13975,
            13.029244
          ],
          [
            78.143597,
            13.028774
          ],
          [
            78.144009,
            13.028725
          ],
          [
            78.144763,
            13.028634
          ],
          [
            78.152793,
            13.02882
          ],
          [
            78.153087,
            13.02878
          ],
          [
            78.155018,
            13.028518
          ],
          [
            78.164313,
            13.026071
          ],
          [
            78.16565,
            13.025741
          ],
          [
            78.173904,
            13.023708
          ],
          [
            78.17792,
            13.023123
          ],
          [
            78.180552,
            13.022773
          ],
          [
            78.18071,
            13.022752
          ],
          [
            78.183069,
            13.022438
          ],
          [
            78.192914,
            13.020592
          ],
          [
            78.193027,
            13.020571
          ],
          [
            78.194977,
            13.020205
          ],
          [
            78.201761,
            13.018474
          ],
          [
            78.20194,
            13.018423
          ],
          [
            78.211035,
            13.016108
          ],
          [
            78.212099,
            13.015968
          ],
          [
            78.212576,
            13.015992
          ],
          [
            78.212723,
            13.016018
          ],
          [
            78.213557,
            13.016097
          ],
          [
            78.217747,
            13.01642
          ],
          [
            78.222233,
            13.016867
          ],
          [
            78.223984,
            13.01696
          ],
          [
            78.224132,
            13.016968
          ],
          [
            78.228462,
            13.017202
          ],
          [
            78.230807,
            13.017287
          ],
          [
            78.230979,
            13.017294
          ],
          [
            78.234677,
            13.017436
          ],
          [
            78.235869,
            13.01749
          ],
          [
            78.235975,
            13.017495
          ],
          [
            78.238598,
            13.017615
          ],
          [
            78.240594,
            13.017698
          ],
          [
            78.242534,
            13.017601
          ],
          [
            78.244969,
            13.017326
          ],
          [
            78.246965,
            13.017036
          ],
          [
            78.249112,
            13.016585
          ],
          [
            78.253698,
            13.015396
          ],
          [
            78.25443,
            13.015371
          ],
          [
            78.255023,
            13.015576
          ],
          [
            78.255642,
            13.016153
          ],
          [
            78.255919,
            13.016314
          ],
          [
            78.256195,
            13.016327
          ],
          [
            78.256683,
            13.016243
          ],
          [
            78.25694,
            13.015897
          ],
          [
            78.257032,
            13.015736
          ],
          [
            78.256926,
            13.014017
          ],
          [
            78.256809,
            13.013156
          ],
          [
            78.256597,
            13.011063
          ],
          [
            78.25636,
            13.008811
          ],
          [
            78.256202,
            13.006455
          ],
          [
            78.256008,
            13.003535
          ],
          [
            78.255899,
            13.001998
          ],
          [
            78.255182,
            12.995122
          ],
          [
            78.255648,
            12.995093
          ],
          [
            78.257617,
            12.994796
          ],
          [
            78.258263,
            12.994791
          ],
          [
            78.260191,
            12.994776
          ],
          [
            78.260307,
            12.994759
          ],
          [
            78.261703,
            12.994551
          ],
          [
            78.262818,
            12.994382
          ],
          [
            78.263223,
            12.99432
          ],
          [
            78.264083,
            12.994214
          ],
          [
            78.265437,
            12.994064
          ],
          [
            78.266368,
            12.994076
          ],
          [
            78.266448,
            12.994077
          ],
          [
            78.266703,
            12.99409
          ],
          [
            78.267266,
            12.994118
          ],
          [
            78.268074,
            12.994076
          ],
          [
            78.269273,
            12.99396
          ],
          [
            78.269656,
            12.993928
          ],
          [
            78.27168,
            12.993759
          ],
          [
            78.272491,
            12.993706
          ],
          [
            78.273085,
            12.993686
          ],
          [
            78.273746,
            12.993755
          ],
          [
            78.27425,
            12.993862
          ],
          [
            78.274366,
            12.993886
          ],
          [
            78.274788,
            12.993891
          ],
          [
            78.274901,
            12.993903
          ],
          [
            78.275407,
            12.993909
          ],
          [
            78.275609,
            12.99388
          ],
          [
            78.276116,
            12.993838
          ],
          [
            78.278162,
            12.993874
          ],
          [
            78.281139,
            12.994005
          ],
          [
            78.286581,
            12.994325
          ],
          [
            78.287165,
            12.994439
          ],
          [
            78.287827,
            12.994608
          ],
          [
            78.289015,
            12.994884
          ],
          [
            78.289229,
            12.994931
          ],
          [
            78.289759,
            12.995042
          ],
          [
            78.289936,
            12.995091
          ],
          [
            78.290259,
            12.995156
          ],
          [
            78.290585,
            12.995237
          ],
          [
            78.290771,
            12.995287
          ],
          [
            78.291897,
            12.995645
          ],
          [
            78.292304,
            12.995784
          ],
          [
            78.293161,
            12.996111
          ],
          [
            78.293699,
            12.996315
          ],
          [
            78.29395,
            12.996404
          ],
          [
            78.294293,
            12.996532
          ],
          [
            78.295186,
            12.996866
          ],
          [
            78.295535,
            12.996997
          ],
          [
            78.295864,
            12.99712
          ],
          [
            78.296886,
            12.997544
          ],
          [
            78.29832,
            12.998144
          ],
          [
            78.298678,
            12.998272
          ],
          [
            78.298769,
            12.998305
          ],
          [
            78.300353,
            12.998875
          ],
          [
            78.300573,
            12.998954
          ],
          [
            78.301176,
            12.999125
          ],
          [
            78.301877,
            12.999331
          ],
          [
            78.302966,
            12.999634
          ],
          [
            78.305188,
            13.00006
          ],
          [
            78.306174,
            13.000271
          ],
          [
            78.306466,
            13.000344
          ],
          [
            78.306552,
            13.000363
          ],
          [
            78.30678,
            13.00042
          ],
          [
            78.306924,
            13.000454
          ],
          [
            78.307004,
            13.000475
          ],
          [
            78.307203,
            13.000528
          ],
          [
            78.307356,
            13.000578
          ],
          [
            78.307549,
            13.000634
          ],
          [
            78.308384,
            13.000877
          ],
          [
            78.308756,
            13.001003
          ],
          [
            78.309029,
            13.001095
          ],
          [
            78.309212,
            13.001179
          ],
          [
            78.310851,
            13.001905
          ],
          [
            78.311278,
            13.002046
          ],
          [
            78.311991,
            13.002259
          ],
          [
            78.312966,
            13.002576
          ],
          [
            78.313558,
            13.002784
          ],
          [
            78.314553,
            13.003127
          ],
          [
            78.315571,
            13.003387
          ],
          [
            78.315832,
            13.003435
          ],
          [
            78.317631,
            13.003646
          ],
          [
            78.317719,
            13.003682
          ],
          [
            78.317981,
            13.003761
          ],
          [
            78.318788,
            13.004084
          ],
          [
            78.319071,
            13.004238
          ],
          [
            78.319129,
            13.004272
          ],
          [
            78.319237,
            13.004339
          ],
          [
            78.320063,
            13.004596
          ],
          [
            78.320307,
            13.004686
          ],
          [
            78.320946,
            13.004924
          ],
          [
            78.321054,
            13.004959
          ],
          [
            78.32138,
            13.005047
          ],
          [
            78.321708,
            13.005127
          ],
          [
            78.323269,
            13.005334
          ],
          [
            78.32333,
            13.005343
          ],
          [
            78.324408,
            13.005504
          ],
          [
            78.324574,
            13.005532
          ],
          [
            78.324835,
            13.005577
          ],
          [
            78.326904,
            13.005932
          ],
          [
            78.327723,
            13.006073
          ],
          [
            78.3279,
            13.006108
          ],
          [
            78.327992,
            13.006122
          ],
          [
            78.328266,
            13.006139
          ],
          [
            78.328497,
            13.006149
          ],
          [
            78.328698,
            13.006148
          ],
          [
            78.328883,
            13.006154
          ],
          [
            78.328975,
            13.006157
          ],
          [
            78.329081,
            13.006159
          ],
          [
            78.329237,
            13.006163
          ],
          [
            78.329428,
            13.006168
          ],
          [
            78.329801,
            13.00617
          ],
          [
            78.330243,
            13.006131
          ],
          [
            78.330696,
            13.006103
          ],
          [
            78.330716,
            13.005997
          ],
          [
            78.330781,
            13.005629
          ],
          [
            78.330794,
            13.005573
          ],
          [
            78.330884,
            13.005432
          ],
          [
            78.331785,
            13.005441
          ],
          [
            78.332889,
            13.005529
          ],
          [
            78.333925,
            13.005604
          ],
          [
            78.334011,
            13.00562
          ],
          [
            78.334319,
            13.005574
          ],
          [
            78.335298,
            13.005361
          ],
          [
            78.33623,
            13.005111
          ],
          [
            78.33645,
            13.004969
          ],
          [
            78.336693,
            13.004822
          ],
          [
            78.337068,
            13.00455
          ],
          [
            78.337187,
            13.004474
          ],
          [
            78.337617,
            13.004233
          ],
          [
            78.338445,
            13.003844
          ],
          [
            78.338697,
            13.003748
          ],
          [
            78.338858,
            13.003674
          ],
          [
            78.339021,
            13.003656
          ],
          [
            78.339188,
            13.003646
          ],
          [
            78.339523,
            13.003698
          ],
          [
            78.339829,
            13.003795
          ],
          [
            78.339874,
            13.003818
          ],
          [
            78.339931,
            13.003842
          ],
          [
            78.340053,
            13.003906
          ],
          [
            78.340317,
            13.00405
          ],
          [
            78.34078,
            13.004346
          ],
          [
            78.341289,
            13.00467
          ],
          [
            78.341536,
            13.00482
          ],
          [
            78.341556,
            13.004832
          ],
          [
            78.34182,
            13.004974
          ],
          [
            78.342075,
            13.005112
          ],
          [
            78.342159,
            13.005147
          ],
          [
            78.342571,
            13.005284
          ],
          [
            78.34274,
            13.00532
          ],
          [
            78.342818,
            13.00533
          ],
          [
            78.3429,
            13.005343
          ],
          [
            78.343156,
            13.005392
          ],
          [
            78.343428,
            13.005418
          ],
          [
            78.343994,
            13.005471
          ],
          [
            78.344487,
            13.00551
          ],
          [
            78.345022,
            13.005585
          ],
          [
            78.345755,
            13.005825
          ],
          [
            78.346119,
            13.005843
          ],
          [
            78.346176,
            13.005833
          ],
          [
            78.346524,
            13.005776
          ],
          [
            78.347578,
            13.00559
          ],
          [
            78.348001,
            13.005582
          ],
          [
            78.348169,
            13.005579
          ],
          [
            78.348818,
            13.005567
          ],
          [
            78.350064,
            13.005407
          ],
          [
            78.350563,
            13.00534
          ],
          [
            78.351336,
            13.005314
          ],
          [
            78.352644,
            13.005378
          ],
          [
            78.352754,
            13.005391
          ],
          [
            78.352946,
            13.005407
          ],
          [
            78.353195,
            13.005471
          ],
          [
            78.353785,
            13.005676
          ],
          [
            78.354256,
            13.005895
          ],
          [
            78.354679,
            13.006066
          ],
          [
            78.354782,
            13.006104
          ],
          [
            78.355205,
            13.00626
          ],
          [
            78.355643,
            13.006329
          ],
          [
            78.356431,
            13.006421
          ],
          [
            78.359087,
            13.006975
          ],
          [
            78.359403,
            13.00704
          ],
          [
            78.360168,
            13.007218
          ],
          [
            78.360372,
            13.007274
          ],
          [
            78.360401,
            13.007282
          ],
          [
            78.360519,
            13.007339
          ],
          [
            78.360618,
            13.007459
          ],
          [
            78.360799,
            13.007715
          ],
          [
            78.360822,
            13.007747
          ],
          [
            78.360912,
            13.007874
          ],
          [
            78.361216,
            13.00818
          ],
          [
            78.361515,
            13.008325
          ],
          [
            78.361785,
            13.008388
          ],
          [
            78.362112,
            13.008402
          ],
          [
            78.362155,
            13.008403
          ],
          [
            78.362655,
            13.008362
          ],
          [
            78.36314,
            13.008221
          ],
          [
            78.363922,
            13.00799
          ],
          [
            78.364527,
            13.007775
          ],
          [
            78.365003,
            13.007453
          ],
          [
            78.365113,
            13.007378
          ],
          [
            78.3653,
            13.007281
          ],
          [
            78.365416,
            13.007221
          ],
          [
            78.365488,
            13.007184
          ],
          [
            78.365632,
            13.007109
          ],
          [
            78.365711,
            13.007065
          ],
          [
            78.36623,
            13.006776
          ],
          [
            78.366645,
            13.006577
          ],
          [
            78.367038,
            13.006482
          ],
          [
            78.367427,
            13.006408
          ],
          [
            78.368495,
            13.006205
          ],
          [
            78.368735,
            13.006156
          ],
          [
            78.36953,
            13.006075
          ],
          [
            78.369891,
            13.006086
          ],
          [
            78.370924,
            13.006307
          ],
          [
            78.371261,
            13.00634
          ],
          [
            78.371884,
            13.006332
          ],
          [
            78.373227,
            13.006291
          ],
          [
            78.373914,
            13.006213
          ],
          [
            78.373967,
            13.00622
          ],
          [
            78.374359,
            13.006267
          ],
          [
            78.374947,
            13.006405
          ],
          [
            78.375788,
            13.00666
          ],
          [
            78.375998,
            13.006718
          ],
          [
            78.376392,
            13.006828
          ],
          [
            78.377237,
            13.007007
          ],
          [
            78.377676,
            13.007066
          ],
          [
            78.37842,
            13.007072
          ],
          [
            78.378476,
            13.007077
          ],
          [
            78.378871,
            13.007111
          ],
          [
            78.379307,
            13.007252
          ],
          [
            78.379452,
            13.00731
          ],
          [
            78.379953,
            13.00751
          ],
          [
            78.380901,
            13.007985
          ],
          [
            78.38212,
            13.008842
          ],
          [
            78.382834,
            13.009438
          ],
          [
            78.384074,
            13.010287
          ],
          [
            78.384649,
            13.010643
          ],
          [
            78.385171,
            13.010904
          ],
          [
            78.385527,
            13.011014
          ],
          [
            78.385619,
            13.011025
          ],
          [
            78.385707,
            13.011035
          ],
          [
            78.386128,
            13.011081
          ],
          [
            78.386604,
            13.011069
          ],
          [
            78.386991,
            13.011033
          ],
          [
            78.387696,
            13.010978
          ],
          [
            78.388296,
            13.011015
          ],
          [
            78.388865,
            13.011138
          ],
          [
            78.389503,
            13.011336
          ],
          [
            78.389773,
            13.011366
          ],
          [
            78.390186,
            13.011411
          ],
          [
            78.391062,
            13.011565
          ],
          [
            78.391535,
            13.01173
          ],
          [
            78.392231,
            13.011932
          ],
          [
            78.393278,
            13.012168
          ],
          [
            78.393781,
            13.012249
          ],
          [
            78.394145,
            13.012292
          ],
          [
            78.394189,
            13.012297
          ],
          [
            78.394483,
            13.012289
          ],
          [
            78.395175,
            13.012284
          ],
          [
            78.395688,
            13.012311
          ],
          [
            78.395938,
            13.012322
          ],
          [
            78.395984,
            13.012336
          ],
          [
            78.396038,
            13.012343
          ],
          [
            78.396221,
            13.012353
          ],
          [
            78.396427,
            13.01236
          ],
          [
            78.396484,
            13.012365
          ],
          [
            78.396598,
            13.012402
          ],
          [
            78.396757,
            13.012459
          ],
          [
            78.396913,
            13.012556
          ],
          [
            78.396951,
            13.012584
          ],
          [
            78.397182,
            13.012758
          ],
          [
            78.397249,
            13.012808
          ],
          [
            78.398037,
            13.013413
          ],
          [
            78.398316,
            13.013606
          ],
          [
            78.398402,
            13.013659
          ],
          [
            78.398442,
            13.013714
          ],
          [
            78.398595,
            13.014083
          ],
          [
            78.398668,
            13.014267
          ],
          [
            78.398788,
            13.01457
          ],
          [
            78.398894,
            13.0147
          ],
          [
            78.398982,
            13.014757
          ],
          [
            78.399162,
            13.014776
          ],
          [
            78.399305,
            13.014755
          ],
          [
            78.399451,
            13.014736
          ],
          [
            78.399687,
            13.014707
          ],
          [
            78.39984,
            13.0147
          ],
          [
            78.400032,
            13.0147
          ],
          [
            78.400257,
            13.014704
          ],
          [
            78.400436,
            13.014698
          ],
          [
            78.400815,
            13.014702
          ],
          [
            78.401066,
            13.014721
          ],
          [
            78.401303,
            13.014711
          ],
          [
            78.401562,
            13.014721
          ],
          [
            78.403156,
            13.014806
          ],
          [
            78.40399,
            13.014859
          ],
          [
            78.404196,
            13.014872
          ],
          [
            78.404597,
            13.014897
          ],
          [
            78.406112,
            13.014931
          ],
          [
            78.406882,
            13.014916
          ],
          [
            78.407556,
            13.014884
          ],
          [
            78.408763,
            13.014738
          ],
          [
            78.409016,
            13.014692
          ],
          [
            78.409526,
            13.014425
          ],
          [
            78.41017,
            13.014012
          ],
          [
            78.410713,
            13.0136
          ],
          [
            78.411069,
            13.013271
          ],
          [
            78.411202,
            13.013136
          ],
          [
            78.411291,
            13.013056
          ],
          [
            78.411671,
            13.012792
          ],
          [
            78.411954,
            13.012646
          ],
          [
            78.412357,
            13.012454
          ],
          [
            78.412676,
            13.012327
          ],
          [
            78.413769,
            13.011985
          ],
          [
            78.415343,
            13.011529
          ],
          [
            78.415603,
            13.011464
          ],
          [
            78.417009,
            13.011141
          ],
          [
            78.417629,
            13.011
          ],
          [
            78.418328,
            13.010817
          ],
          [
            78.419756,
            13.010519
          ],
          [
            78.421234,
            13.010239
          ],
          [
            78.421596,
            13.01018
          ],
          [
            78.422344,
            13.010062
          ],
          [
            78.42309,
            13.009963
          ],
          [
            78.423898,
            13.009857
          ],
          [
            78.424475,
            13.009798
          ],
          [
            78.424913,
            13.009756
          ],
          [
            78.42524,
            13.009762
          ],
          [
            78.425953,
            13.009826
          ],
          [
            78.425985,
            13.00983
          ],
          [
            78.427346,
            13.009992
          ],
          [
            78.42824,
            13.010098
          ],
          [
            78.430689,
            13.010346
          ],
          [
            78.431212,
            13.010404
          ],
          [
            78.431559,
            13.010442
          ],
          [
            78.431781,
            13.010466
          ],
          [
            78.432481,
            13.010586
          ],
          [
            78.432672,
            13.010607
          ],
          [
            78.433027,
            13.01065
          ],
          [
            78.433279,
            13.010634
          ],
          [
            78.434111,
            13.010499
          ],
          [
            78.434422,
            13.010448
          ],
          [
            78.434931,
            13.010374
          ],
          [
            78.436031,
            13.010215
          ],
          [
            78.436358,
            13.010175
          ],
          [
            78.438126,
            13.009957
          ],
          [
            78.438405,
            13.009884
          ],
          [
            78.439056,
            13.009667
          ],
          [
            78.439207,
            13.009617
          ],
          [
            78.4394,
            13.009553
          ],
          [
            78.439713,
            13.009445
          ],
          [
            78.440607,
            13.009303
          ],
          [
            78.441122,
            13.00926
          ],
          [
            78.441804,
            13.009206
          ],
          [
            78.442672,
            13.009126
          ],
          [
            78.44298,
            13.009113
          ],
          [
            78.443564,
            13.009162
          ],
          [
            78.443961,
            13.009182
          ],
          [
            78.444362,
            13.009157
          ],
          [
            78.445325,
            13.009136
          ],
          [
            78.445574,
            13.0091
          ],
          [
            78.445645,
            13.009089
          ],
          [
            78.446156,
            13.008949
          ],
          [
            78.446384,
            13.008882
          ],
          [
            78.446533,
            13.008854
          ],
          [
            78.446836,
            13.008859
          ],
          [
            78.447585,
            13.008919
          ],
          [
            78.447755,
            13.008935
          ],
          [
            78.447995,
            13.008924
          ],
          [
            78.448081,
            13.008901
          ],
          [
            78.448389,
            13.008816
          ],
          [
            78.449086,
            13.008561
          ],
          [
            78.451471,
            13.007701
          ],
          [
            78.452819,
            13.007268
          ],
          [
            78.45296,
            13.007218
          ],
          [
            78.453785,
            13.006898
          ],
          [
            78.454034,
            13.006798
          ],
          [
            78.454187,
            13.006772
          ],
          [
            78.455268,
            13.00678
          ],
          [
            78.455838,
            13.006785
          ],
          [
            78.456291,
            13.006751
          ],
          [
            78.457806,
            13.006588
          ],
          [
            78.458089,
            13.006604
          ],
          [
            78.458621,
            13.006659
          ],
          [
            78.458819,
            13.006635
          ],
          [
            78.459167,
            13.006536
          ],
          [
            78.461077,
            13.005835
          ],
          [
            78.46132,
            13.00577
          ],
          [
            78.461803,
            13.005668
          ],
          [
            78.463154,
            13.005364
          ],
          [
            78.464071,
            13.005067
          ],
          [
            78.464206,
            13.005038
          ],
          [
            78.464618,
            13.004992
          ],
          [
            78.465184,
            13.00496
          ],
          [
            78.46545,
            13.004939
          ],
          [
            78.46575,
            13.004883
          ],
          [
            78.465842,
            13.004861
          ],
          [
            78.466346,
            13.004746
          ],
          [
            78.466878,
            13.004613
          ],
          [
            78.467824,
            13.004377
          ],
          [
            78.468163,
            13.004317
          ],
          [
            78.468499,
            13.004274
          ],
          [
            78.469645,
            13.004171
          ],
          [
            78.470305,
            13.004102
          ],
          [
            78.47215,
            13.003945
          ],
          [
            78.473671,
            13.00379
          ],
          [
            78.473913,
            13.003766
          ],
          [
            78.474034,
            13.003746
          ],
          [
            78.474105,
            13.003727
          ],
          [
            78.474336,
            13.003558
          ],
          [
            78.474601,
            13.003294
          ],
          [
            78.474747,
            13.003197
          ],
          [
            78.474901,
            13.003153
          ],
          [
            78.476257,
            13.002824
          ],
          [
            78.477207,
            13.002593
          ],
          [
            78.479488,
            13.001821
          ],
          [
            78.479727,
            13.00176
          ],
          [
            78.479947,
            13.001785
          ],
          [
            78.480441,
            13.001905
          ],
          [
            78.481481,
            13.00207
          ],
          [
            78.482097,
            13.002127
          ],
          [
            78.482411,
            13.002146
          ],
          [
            78.482727,
            13.002165
          ],
          [
            78.482904,
            13.002184
          ],
          [
            78.483169,
            13.002216
          ],
          [
            78.48352,
            13.002259
          ],
          [
            78.483828,
            13.002296
          ],
          [
            78.484338,
            13.002358
          ],
          [
            78.484891,
            13.002424
          ],
          [
            78.485411,
            13.002487
          ],
          [
            78.486338,
            13.002599
          ],
          [
            78.48667,
            13.002567
          ],
          [
            78.487084,
            13.002527
          ],
          [
            78.487214,
            13.002514
          ],
          [
            78.487673,
            13.00246
          ],
          [
            78.487873,
            13.00237
          ],
          [
            78.487924,
            13.002347
          ],
          [
            78.489263,
            13.001478
          ],
          [
            78.489715,
            13.001188
          ],
          [
            78.489978,
            13.001019
          ],
          [
            78.490214,
            13.000733
          ],
          [
            78.492649,
            12.99894
          ],
          [
            78.493901,
            12.998047
          ],
          [
            78.49417,
            12.997814
          ],
          [
            78.494422,
            12.997532
          ],
          [
            78.494614,
            12.997274
          ],
          [
            78.494719,
            12.997135
          ],
          [
            78.494889,
            12.9969
          ],
          [
            78.495216,
            12.99645
          ],
          [
            78.495793,
            12.995708
          ],
          [
            78.4968,
            12.994456
          ],
          [
            78.497365,
            12.993787
          ],
          [
            78.497587,
            12.993524
          ],
          [
            78.498624,
            12.99221
          ],
          [
            78.500679,
            12.989557
          ],
          [
            78.500868,
            12.989284
          ],
          [
            78.501397,
            12.988518
          ],
          [
            78.502091,
            12.987566
          ],
          [
            78.502922,
            12.986345
          ],
          [
            78.503205,
            12.985894
          ],
          [
            78.503456,
            12.9855
          ],
          [
            78.504028,
            12.98457
          ],
          [
            78.50413,
            12.984428
          ],
          [
            78.504232,
            12.984337
          ],
          [
            78.504527,
            12.984063
          ],
          [
            78.504776,
            12.983846
          ],
          [
            78.505662,
            12.982628
          ],
          [
            78.50656,
            12.981316
          ],
          [
            78.507103,
            12.980528
          ],
          [
            78.507161,
            12.980444
          ],
          [
            78.507689,
            12.979686
          ],
          [
            78.508398,
            12.97867
          ],
          [
            78.508809,
            12.978111
          ],
          [
            78.509284,
            12.977456
          ],
          [
            78.509381,
            12.977344
          ],
          [
            78.509493,
            12.977215
          ],
          [
            78.509839,
            12.976927
          ],
          [
            78.510784,
            12.976326
          ],
          [
            78.511914,
            12.975572
          ],
          [
            78.512375,
            12.975215
          ],
          [
            78.512898,
            12.974705
          ],
          [
            78.513225,
            12.974358
          ],
          [
            78.513458,
            12.974107
          ],
          [
            78.51392,
            12.973689
          ],
          [
            78.514143,
            12.973467
          ],
          [
            78.51488,
            12.972811
          ],
          [
            78.515047,
            12.972669
          ],
          [
            78.515661,
            12.972198
          ],
          [
            78.516242,
            12.971756
          ],
          [
            78.516884,
            12.971104
          ],
          [
            78.517671,
            12.970433
          ],
          [
            78.518173,
            12.970032
          ],
          [
            78.518732,
            12.969554
          ],
          [
            78.519175,
            12.969201
          ],
          [
            78.519452,
            12.96897
          ],
          [
            78.51966,
            12.968789
          ],
          [
            78.520112,
            12.968431
          ],
          [
            78.520318,
            12.968321
          ],
          [
            78.52133,
            12.967782
          ],
          [
            78.521792,
            12.967557
          ],
          [
            78.523143,
            12.96685
          ],
          [
            78.523976,
            12.966375
          ],
          [
            78.52488,
            12.965908
          ],
          [
            78.525616,
            12.965551
          ],
          [
            78.526022,
            12.965383
          ],
          [
            78.526888,
            12.964919
          ],
          [
            78.527875,
            12.964358
          ],
          [
            78.528199,
            12.964169
          ],
          [
            78.528576,
            12.963935
          ],
          [
            78.52892,
            12.963715
          ],
          [
            78.529182,
            12.963545
          ],
          [
            78.529375,
            12.963431
          ],
          [
            78.529494,
            12.963353
          ],
          [
            78.529957,
            12.963047
          ],
          [
            78.530145,
            12.96294
          ],
          [
            78.530259,
            12.962861
          ],
          [
            78.53214,
            12.961691
          ],
          [
            78.533176,
            12.961054
          ],
          [
            78.534198,
            12.96039
          ],
          [
            78.535245,
            12.959697
          ],
          [
            78.535618,
            12.959454
          ],
          [
            78.536105,
            12.959127
          ],
          [
            78.536732,
            12.958701
          ],
          [
            78.537291,
            12.958334
          ],
          [
            78.537608,
            12.9581
          ],
          [
            78.537774,
            12.957998
          ],
          [
            78.538584,
            12.957444
          ],
          [
            78.539629,
            12.956756
          ],
          [
            78.54007,
            12.956489
          ],
          [
            78.540424,
            12.956279
          ],
          [
            78.541313,
            12.955762
          ],
          [
            78.542365,
            12.955233
          ],
          [
            78.542798,
            12.95506
          ],
          [
            78.54424,
            12.954511
          ],
          [
            78.544905,
            12.954237
          ],
          [
            78.545831,
            12.953862
          ],
          [
            78.546515,
            12.95358
          ],
          [
            78.547204,
            12.953276
          ],
          [
            78.548295,
            12.952842
          ],
          [
            78.548942,
            12.952617
          ],
          [
            78.54928,
            12.952522
          ],
          [
            78.549659,
            12.952427
          ],
          [
            78.550193,
            12.952323
          ],
          [
            78.55042,
            12.952297
          ],
          [
            78.550707,
            12.952266
          ],
          [
            78.551002,
            12.952237
          ],
          [
            78.551294,
            12.952229
          ],
          [
            78.551581,
            12.952224
          ],
          [
            78.551888,
            12.952231
          ],
          [
            78.552506,
            12.952237
          ],
          [
            78.553345,
            12.952247
          ],
          [
            78.55406,
            12.952263
          ],
          [
            78.555398,
            12.952305
          ],
          [
            78.556709,
            12.952297
          ],
          [
            78.558328,
            12.952215
          ],
          [
            78.558736,
            12.952164
          ],
          [
            78.559236,
            12.952102
          ],
          [
            78.560861,
            12.951907
          ],
          [
            78.561809,
            12.951822
          ],
          [
            78.562549,
            12.95173
          ],
          [
            78.564029,
            12.95167
          ],
          [
            78.564257,
            12.95168
          ],
          [
            78.564399,
            12.951688
          ],
          [
            78.564555,
            12.951693
          ],
          [
            78.564855,
            12.951732
          ],
          [
            78.566303,
            12.951955
          ],
          [
            78.566672,
            12.952022
          ],
          [
            78.567303,
            12.952139
          ],
          [
            78.568205,
            12.952285
          ],
          [
            78.568627,
            12.952327
          ],
          [
            78.56921,
            12.952398
          ],
          [
            78.569517,
            12.952422
          ],
          [
            78.569692,
            12.952441
          ],
          [
            78.569932,
            12.952507
          ],
          [
            78.570195,
            12.952672
          ],
          [
            78.570448,
            12.952824
          ],
          [
            78.570753,
            12.952962
          ],
          [
            78.571004,
            12.953103
          ],
          [
            78.571526,
            12.953293
          ],
          [
            78.571743,
            12.953358
          ],
          [
            78.571923,
            12.953417
          ],
          [
            78.572854,
            12.953599
          ],
          [
            78.573224,
            12.953659
          ],
          [
            78.573479,
            12.953709
          ],
          [
            78.574068,
            12.95384
          ],
          [
            78.574224,
            12.953875
          ],
          [
            78.574508,
            12.953951
          ],
          [
            78.574639,
            12.953994
          ],
          [
            78.57487,
            12.954103
          ],
          [
            78.57596,
            12.954611
          ],
          [
            78.576388,
            12.954805
          ],
          [
            78.576521,
            12.954848
          ],
          [
            78.576657,
            12.954869
          ],
          [
            78.576862,
            12.954906
          ],
          [
            78.576986,
            12.954915
          ],
          [
            78.577147,
            12.954891
          ],
          [
            78.577296,
            12.95486
          ],
          [
            78.577973,
            12.954763
          ],
          [
            78.57918,
            12.954597
          ],
          [
            78.580782,
            12.95438
          ],
          [
            78.581034,
            12.954318
          ],
          [
            78.581163,
            12.954252
          ],
          [
            78.581324,
            12.954182
          ],
          [
            78.58152,
            12.954072
          ],
          [
            78.581995,
            12.953758
          ],
          [
            78.582314,
            12.953502
          ],
          [
            78.582507,
            12.953377
          ],
          [
            78.582678,
            12.953277
          ],
          [
            78.582998,
            12.953115
          ],
          [
            78.583274,
            12.953032
          ],
          [
            78.583513,
            12.952977
          ],
          [
            78.583698,
            12.952932
          ],
          [
            78.583977,
            12.952911
          ],
          [
            78.584215,
            12.952914
          ],
          [
            78.585125,
            12.952901
          ],
          [
            78.585281,
            12.952897
          ],
          [
            78.585697,
            12.952891
          ],
          [
            78.586283,
            12.952825
          ],
          [
            78.587013,
            12.952734
          ],
          [
            78.587984,
            12.952611
          ],
          [
            78.588338,
            12.952535
          ],
          [
            78.588676,
            12.952423
          ],
          [
            78.588904,
            12.952334
          ],
          [
            78.589113,
            12.952226
          ],
          [
            78.589322,
            12.952101
          ],
          [
            78.589835,
            12.951732
          ],
          [
            78.590143,
            12.951461
          ],
          [
            78.590285,
            12.951285
          ],
          [
            78.590506,
            12.951044
          ],
          [
            78.590747,
            12.950789
          ],
          [
            78.590945,
            12.950611
          ],
          [
            78.5912,
            12.950415
          ],
          [
            78.591462,
            12.950253
          ],
          [
            78.591577,
            12.950194
          ],
          [
            78.591679,
            12.950152
          ],
          [
            78.59178,
            12.950125
          ],
          [
            78.592003,
            12.950083
          ],
          [
            78.592435,
            12.950078
          ],
          [
            78.592667,
            12.950024
          ],
          [
            78.592814,
            12.949989
          ],
          [
            78.592921,
            12.94994
          ],
          [
            78.593155,
            12.949835
          ],
          [
            78.593456,
            12.949713
          ],
          [
            78.593704,
            12.949613
          ],
          [
            78.594442,
            12.949292
          ],
          [
            78.594719,
            12.949164
          ],
          [
            78.595032,
            12.949011
          ],
          [
            78.595329,
            12.948844
          ],
          [
            78.595698,
            12.948635
          ],
          [
            78.596582,
            12.948132
          ],
          [
            78.59697,
            12.947914
          ],
          [
            78.597387,
            12.947679
          ],
          [
            78.597907,
            12.947376
          ],
          [
            78.598727,
            12.946923
          ],
          [
            78.599056,
            12.946758
          ],
          [
            78.599401,
            12.946604
          ],
          [
            78.599752,
            12.946496
          ],
          [
            78.600149,
            12.946405
          ],
          [
            78.600435,
            12.946275
          ],
          [
            78.600701,
            12.946132
          ],
          [
            78.600892,
            12.945985
          ],
          [
            78.600978,
            12.945905
          ],
          [
            78.601034,
            12.945854
          ],
          [
            78.601218,
            12.945667
          ],
          [
            78.601354,
            12.945538
          ],
          [
            78.601458,
            12.945393
          ],
          [
            78.601542,
            12.945182
          ],
          [
            78.601631,
            12.944929
          ],
          [
            78.601706,
            12.944505
          ],
          [
            78.602006,
            12.944217
          ],
          [
            78.602264,
            12.943956
          ],
          [
            78.602559,
            12.943705
          ],
          [
            78.602795,
            12.943506
          ],
          [
            78.602999,
            12.943352
          ],
          [
            78.603253,
            12.943176
          ],
          [
            78.60346,
            12.943064
          ],
          [
            78.603742,
            12.942957
          ],
          [
            78.604071,
            12.942853
          ],
          [
            78.604408,
            12.942779
          ],
          [
            78.605146,
            12.942683
          ],
          [
            78.605455,
            12.942733
          ],
          [
            78.605844,
            12.942816
          ],
          [
            78.60621,
            12.942915
          ],
          [
            78.606322,
            12.942952
          ],
          [
            78.606646,
            12.943096
          ],
          [
            78.606946,
            12.943248
          ],
          [
            78.607406,
            12.943475
          ],
          [
            78.608061,
            12.94374
          ],
          [
            78.608382,
            12.943829
          ],
          [
            78.609147,
            12.944013
          ],
          [
            78.609334,
            12.944062
          ],
          [
            78.609568,
            12.944084
          ],
          [
            78.609833,
            12.94404
          ],
          [
            78.610192,
            12.943952
          ],
          [
            78.610385,
            12.943879
          ],
          [
            78.610604,
            12.94377
          ],
          [
            78.611092,
            12.943528
          ],
          [
            78.611525,
            12.943319
          ],
          [
            78.611797,
            12.943203
          ],
          [
            78.612035,
            12.943206
          ],
          [
            78.612544,
            12.943258
          ],
          [
            78.613192,
            12.943265
          ],
          [
            78.613355,
            12.943234
          ],
          [
            78.613721,
            12.943006
          ],
          [
            78.614084,
            12.942719
          ],
          [
            78.614187,
            12.94266
          ],
          [
            78.614381,
            12.942608
          ],
          [
            78.61464,
            12.942555
          ],
          [
            78.614852,
            12.942494
          ],
          [
            78.61505,
            12.942403
          ],
          [
            78.61543,
            12.942296
          ],
          [
            78.615605,
            12.942253
          ],
          [
            78.615755,
            12.942189
          ],
          [
            78.61596,
            12.94207
          ],
          [
            78.616405,
            12.941778
          ],
          [
            78.61686,
            12.941531
          ],
          [
            78.617097,
            12.941428
          ],
          [
            78.618159,
            12.941022
          ],
          [
            78.618341,
            12.940942
          ],
          [
            78.618486,
            12.940833
          ],
          [
            78.618642,
            12.940648
          ],
          [
            78.618757,
            12.940557
          ],
          [
            78.619555,
            12.940135
          ],
          [
            78.619924,
            12.939958
          ],
          [
            78.620476,
            12.939883
          ],
          [
            78.620901,
            12.939877
          ],
          [
            78.621177,
            12.939863
          ],
          [
            78.621489,
            12.939729
          ],
          [
            78.621831,
            12.939409
          ],
          [
            78.622141,
            12.938899
          ],
          [
            78.622318,
            12.938639
          ],
          [
            78.622515,
            12.938397
          ],
          [
            78.622788,
            12.938226
          ],
          [
            78.623081,
            12.938051
          ],
          [
            78.623254,
            12.937642
          ],
          [
            78.62338,
            12.937477
          ],
          [
            78.623769,
            12.937132
          ],
          [
            78.623958,
            12.93695
          ],
          [
            78.624001,
            12.936709
          ],
          [
            78.624057,
            12.935951
          ],
          [
            78.624096,
            12.935711
          ],
          [
            78.624216,
            12.93547
          ],
          [
            78.624475,
            12.935197
          ],
          [
            78.624805,
            12.935123
          ],
          [
            78.625359,
            12.935216
          ],
          [
            78.625807,
            12.935257
          ],
          [
            78.626191,
            12.935109
          ],
          [
            78.62673,
            12.93493
          ],
          [
            78.626938,
            12.934862
          ],
          [
            78.627153,
            12.934644
          ],
          [
            78.62751,
            12.934204
          ],
          [
            78.627944,
            12.933795
          ],
          [
            78.628345,
            12.933668
          ],
          [
            78.628624,
            12.933592
          ],
          [
            78.629041,
            12.933581
          ],
          [
            78.629927,
            12.933549
          ],
          [
            78.630415,
            12.933562
          ],
          [
            78.630731,
            12.933555
          ],
          [
            78.631808,
            12.933334
          ],
          [
            78.632349,
            12.933074
          ],
          [
            78.632678,
            12.932779
          ],
          [
            78.633141,
            12.932136
          ],
          [
            78.633641,
            12.931443
          ],
          [
            78.633706,
            12.931353
          ],
          [
            78.634776,
            12.931062
          ],
          [
            78.634888,
            12.931062
          ],
          [
            78.635017,
            12.931115
          ],
          [
            78.635178,
            12.931271
          ],
          [
            78.635333,
            12.931397
          ],
          [
            78.636111,
            12.931852
          ],
          [
            78.63661,
            12.932124
          ],
          [
            78.636804,
            12.932182
          ],
          [
            78.636921,
            12.932165
          ],
          [
            78.637045,
            12.932097
          ],
          [
            78.637136,
            12.932003
          ],
          [
            78.637367,
            12.931428
          ],
          [
            78.63756,
            12.931209
          ],
          [
            78.63778,
            12.931041
          ],
          [
            78.637914,
            12.931
          ],
          [
            78.63801,
            12.930994
          ],
          [
            78.638374,
            12.931099
          ],
          [
            78.638863,
            12.931235
          ],
          [
            78.639019,
            12.931261
          ],
          [
            78.640251,
            12.931415
          ],
          [
            78.640703,
            12.931465
          ],
          [
            78.64089,
            12.931448
          ],
          [
            78.641088,
            12.931391
          ],
          [
            78.641331,
            12.93124
          ],
          [
            78.642007,
            12.930785
          ],
          [
            78.642184,
            12.930681
          ],
          [
            78.64242,
            12.930623
          ],
          [
            78.643101,
            12.930508
          ],
          [
            78.643273,
            12.930477
          ],
          [
            78.643412,
            12.93043
          ],
          [
            78.64367,
            12.930315
          ],
          [
            78.644147,
            12.930048
          ],
          [
            78.644399,
            12.929928
          ],
          [
            78.64456,
            12.929865
          ],
          [
            78.645193,
            12.929771
          ],
          [
            78.64556,
            12.929732
          ],
          [
            78.645732,
            12.929746
          ],
          [
            78.645891,
            12.929781
          ],
          [
            78.645968,
            12.929872
          ],
          [
            78.646238,
            12.930185
          ],
          [
            78.646328,
            12.930267
          ],
          [
            78.646547,
            12.930331
          ],
          [
            78.646775,
            12.930374
          ],
          [
            78.647039,
            12.930339
          ],
          [
            78.647666,
            12.930275
          ],
          [
            78.648125,
            12.930152
          ],
          [
            78.648364,
            12.930106
          ],
          [
            78.648663,
            12.930124
          ],
          [
            78.648981,
            12.930172
          ],
          [
            78.649115,
            12.930163
          ],
          [
            78.649247,
            12.930114
          ],
          [
            78.64944,
            12.930062
          ],
          [
            78.649998,
            12.929684
          ],
          [
            78.650243,
            12.929518
          ],
          [
            78.650412,
            12.929475
          ],
          [
            78.650575,
            12.929545
          ],
          [
            78.6508,
            12.929699
          ],
          [
            78.650974,
            12.929776
          ],
          [
            78.651153,
            12.929766
          ],
          [
            78.651329,
            12.92969
          ],
          [
            78.65193,
            12.929436
          ],
          [
            78.652331,
            12.929284
          ],
          [
            78.653246,
            12.929188
          ],
          [
            78.653468,
            12.929237
          ],
          [
            78.653709,
            12.929325
          ],
          [
            78.653892,
            12.929512
          ],
          [
            78.654391,
            12.929955
          ],
          [
            78.654703,
            12.93035
          ],
          [
            78.654898,
            12.930646
          ],
          [
            78.655054,
            12.93093
          ],
          [
            78.655803,
            12.931787
          ],
          [
            78.65594,
            12.931894
          ],
          [
            78.656229,
            12.932066
          ],
          [
            78.656378,
            12.932119
          ],
          [
            78.656691,
            12.932207
          ],
          [
            78.657281,
            12.932344
          ],
          [
            78.657888,
            12.932486
          ],
          [
            78.6581,
            12.932485
          ],
          [
            78.658263,
            12.932407
          ],
          [
            78.658796,
            12.931971
          ],
          [
            78.658954,
            12.931897
          ],
          [
            78.659162,
            12.93192
          ],
          [
            78.659526,
            12.931907
          ],
          [
            78.659862,
            12.93194
          ],
          [
            78.660312,
            12.93199
          ],
          [
            78.66065,
            12.932009
          ],
          [
            78.660842,
            12.931971
          ],
          [
            78.661015,
            12.93192
          ],
          [
            78.661842,
            12.931561
          ],
          [
            78.662233,
            12.931411
          ],
          [
            78.662827,
            12.931227
          ],
          [
            78.663036,
            12.931149
          ],
          [
            78.663331,
            12.930991
          ],
          [
            78.663552,
            12.930901
          ],
          [
            78.663829,
            12.930838
          ],
          [
            78.664211,
            12.930825
          ],
          [
            78.664434,
            12.930788
          ],
          [
            78.664834,
            12.930695
          ],
          [
            78.665013,
            12.930628
          ],
          [
            78.665155,
            12.93055
          ],
          [
            78.665586,
            12.930282
          ],
          [
            78.66573,
            12.930236
          ],
          [
            78.666074,
            12.930189
          ],
          [
            78.666256,
            12.930225
          ],
          [
            78.666321,
            12.930311
          ],
          [
            78.666427,
            12.930474
          ],
          [
            78.666499,
            12.930489
          ],
          [
            78.666716,
            12.930496
          ],
          [
            78.666945,
            12.930434
          ],
          [
            78.667159,
            12.930277
          ],
          [
            78.667349,
            12.930156
          ],
          [
            78.667484,
            12.929985
          ],
          [
            78.667546,
            12.929778
          ],
          [
            78.66762,
            12.929711
          ],
          [
            78.667684,
            12.929744
          ],
          [
            78.667704,
            12.929811
          ],
          [
            78.667587,
            12.930036
          ],
          [
            78.667444,
            12.930311
          ],
          [
            78.667274,
            12.930436
          ],
          [
            78.66696,
            12.930699
          ],
          [
            78.66665,
            12.930846
          ],
          [
            78.666453,
            12.930906
          ],
          [
            78.666186,
            12.930929
          ],
          [
            78.666128,
            12.930942
          ],
          [
            78.666109,
            12.930991
          ],
          [
            78.666126,
            12.931054
          ],
          [
            78.666173,
            12.931079
          ],
          [
            78.666329,
            12.931066
          ],
          [
            78.666587,
            12.931037
          ],
          [
            78.666936,
            12.930928
          ],
          [
            78.667218,
            12.930819
          ],
          [
            78.667571,
            12.930662
          ],
          [
            78.667902,
            12.93033
          ],
          [
            78.668105,
            12.930186
          ],
          [
            78.66819,
            12.930217
          ],
          [
            78.668234,
            12.930283
          ],
          [
            78.668194,
            12.930345
          ],
          [
            78.668131,
            12.93039
          ],
          [
            78.66798,
            12.930498
          ],
          [
            78.667173,
            12.931284
          ],
          [
            78.666833,
            12.931411
          ],
          [
            78.666715,
            12.931494
          ],
          [
            78.666785,
            12.931583
          ],
          [
            78.666877,
            12.931584
          ],
          [
            78.667015,
            12.931562
          ],
          [
            78.668856,
            12.930748
          ],
          [
            78.669082,
            12.930611
          ],
          [
            78.669212,
            12.930471
          ],
          [
            78.669285,
            12.930468
          ],
          [
            78.669336,
            12.930528
          ],
          [
            78.668912,
            12.931372
          ],
          [
            78.668522,
            12.931959
          ],
          [
            78.668481,
            12.932077
          ],
          [
            78.668498,
            12.932225
          ],
          [
            78.668726,
            12.932319
          ],
          [
            78.670067,
            12.931838
          ],
          [
            78.670315,
            12.931888
          ],
          [
            78.670547,
            12.931999
          ],
          [
            78.671047,
            12.932332
          ],
          [
            78.671468,
            12.932653
          ],
          [
            78.671968,
            12.933006
          ],
          [
            78.672348,
            12.933139
          ],
          [
            78.672506,
            12.93315
          ],
          [
            78.674289,
            12.933273
          ],
          [
            78.674686,
            12.9333
          ],
          [
            78.676148,
            12.933367
          ],
          [
            78.676444,
            12.933359
          ],
          [
            78.676619,
            12.933323
          ],
          [
            78.676744,
            12.93328
          ],
          [
            78.677206,
            12.93305
          ],
          [
            78.677429,
            12.932962
          ],
          [
            78.677579,
            12.932912
          ],
          [
            78.677797,
            12.932903
          ],
          [
            78.67803,
            12.93289
          ],
          [
            78.678981,
            12.932877
          ],
          [
            78.679124,
            12.932932
          ],
          [
            78.67961,
            12.932823
          ],
          [
            78.679768,
            12.932785
          ],
          [
            78.67985,
            12.932786
          ],
          [
            78.679951,
            12.932834
          ],
          [
            78.680014,
            12.9329
          ],
          [
            78.680063,
            12.93298
          ],
          [
            78.68016,
            12.933417
          ],
          [
            78.680469,
            12.935101
          ],
          [
            78.680524,
            12.935252
          ],
          [
            78.680592,
            12.935356
          ],
          [
            78.680652,
            12.935397
          ],
          [
            78.6807,
            12.935428
          ],
          [
            78.680766,
            12.935455
          ],
          [
            78.680871,
            12.935477
          ],
          [
            78.681064,
            12.935487
          ],
          [
            78.681618,
            12.935411
          ],
          [
            78.681693,
            12.935399
          ],
          [
            78.682159,
            12.935322
          ],
          [
            78.682287,
            12.935308
          ],
          [
            78.68236,
            12.935297
          ],
          [
            78.682421,
            12.935312
          ],
          [
            78.682602,
            12.935387
          ],
          [
            78.682806,
            12.935517
          ],
          [
            78.682959,
            12.935686
          ],
          [
            78.683094,
            12.935876
          ],
          [
            78.683267,
            12.936099
          ],
          [
            78.683391,
            12.936197
          ],
          [
            78.683548,
            12.936289
          ],
          [
            78.683776,
            12.936351
          ],
          [
            78.684013,
            12.936367
          ],
          [
            78.68415,
            12.936364
          ],
          [
            78.684341,
            12.936345
          ],
          [
            78.684481,
            12.936321
          ],
          [
            78.68458,
            12.936256
          ],
          [
            78.688649,
            12.935132
          ],
          [
            78.691747,
            12.934481
          ],
          [
            78.69196,
            12.934432
          ],
          [
            78.692745,
            12.934261
          ],
          [
            78.693354,
            12.934111
          ],
          [
            78.69455,
            12.933755
          ],
          [
            78.694983,
            12.933685
          ],
          [
            78.695352,
            12.933674
          ],
          [
            78.695621,
            12.93368
          ],
          [
            78.697474,
            12.933797
          ],
          [
            78.698239,
            12.933816
          ],
          [
            78.700563,
            12.933769
          ],
          [
            78.701637,
            12.933792
          ],
          [
            78.702577,
            12.933997
          ],
          [
            78.702928,
            12.934074
          ],
          [
            78.703141,
            12.934094
          ],
          [
            78.703515,
            12.93413
          ],
          [
            78.704467,
            12.934226
          ],
          [
            78.705111,
            12.934225
          ],
          [
            78.705533,
            12.934243
          ],
          [
            78.707164,
            12.934384
          ],
          [
            78.707302,
            12.934402
          ],
          [
            78.707643,
            12.934446
          ],
          [
            78.708029,
            12.934497
          ],
          [
            78.708096,
            12.934506
          ],
          [
            78.708372,
            12.934558
          ],
          [
            78.708761,
            12.934631
          ],
          [
            78.709624,
            12.934829
          ],
          [
            78.709859,
            12.934896
          ],
          [
            78.71089,
            12.935191
          ],
          [
            78.711966,
            12.935551
          ],
          [
            78.712093,
            12.935593
          ],
          [
            78.712295,
            12.93566
          ],
          [
            78.71264,
            12.935775
          ],
          [
            78.713015,
            12.935901
          ],
          [
            78.713287,
            12.936039
          ],
          [
            78.713507,
            12.93619
          ],
          [
            78.713797,
            12.936443
          ],
          [
            78.713981,
            12.936701
          ],
          [
            78.71403,
            12.936769
          ],
          [
            78.715025,
            12.938279
          ],
          [
            78.71512,
            12.938423
          ],
          [
            78.715248,
            12.938618
          ],
          [
            78.715273,
            12.938655
          ],
          [
            78.715564,
            12.939004
          ],
          [
            78.71592,
            12.939444
          ],
          [
            78.71604,
            12.939587
          ],
          [
            78.716315,
            12.939832
          ],
          [
            78.716714,
            12.940187
          ],
          [
            78.716785,
            12.940247
          ],
          [
            78.71699,
            12.940436
          ],
          [
            78.717172,
            12.940607
          ],
          [
            78.71722,
            12.940652
          ],
          [
            78.717688,
            12.941096
          ],
          [
            78.718054,
            12.941437
          ],
          [
            78.718467,
            12.941843
          ],
          [
            78.718586,
            12.941957
          ],
          [
            78.718744,
            12.942107
          ],
          [
            78.71918,
            12.942388
          ],
          [
            78.719285,
            12.942445
          ],
          [
            78.719418,
            12.942514
          ],
          [
            78.719653,
            12.94262
          ],
          [
            78.719774,
            12.942671
          ],
          [
            78.720006,
            12.942763
          ],
          [
            78.72009,
            12.942796
          ],
          [
            78.720275,
            12.942883
          ],
          [
            78.720453,
            12.942952
          ],
          [
            78.720663,
            12.94303
          ],
          [
            78.720866,
            12.943094
          ],
          [
            78.721137,
            12.943185
          ],
          [
            78.721399,
            12.943273
          ],
          [
            78.72156,
            12.943323
          ],
          [
            78.721647,
            12.943342
          ],
          [
            78.721688,
            12.943349
          ],
          [
            78.72175,
            12.943356
          ],
          [
            78.721807,
            12.943359
          ],
          [
            78.721856,
            12.943361
          ],
          [
            78.721952,
            12.943356
          ],
          [
            78.722016,
            12.943353
          ],
          [
            78.722123,
            12.943337
          ],
          [
            78.722186,
            12.943326
          ],
          [
            78.722231,
            12.943316
          ],
          [
            78.722319,
            12.943293
          ],
          [
            78.722429,
            12.943259
          ],
          [
            78.722512,
            12.943229
          ],
          [
            78.72259,
            12.943199
          ],
          [
            78.722623,
            12.943186
          ],
          [
            78.722684,
            12.943162
          ],
          [
            78.722982,
            12.943046
          ],
          [
            78.723342,
            12.942913
          ],
          [
            78.723648,
            12.942802
          ],
          [
            78.723716,
            12.942778
          ],
          [
            78.724014,
            12.942672
          ],
          [
            78.724147,
            12.942626
          ],
          [
            78.72419,
            12.942611
          ],
          [
            78.7243,
            12.942581
          ],
          [
            78.724404,
            12.94256
          ],
          [
            78.724539,
            12.942533
          ],
          [
            78.724893,
            12.9425
          ],
          [
            78.725369,
            12.942506
          ],
          [
            78.725533,
            12.942513
          ],
          [
            78.725884,
            12.942528
          ],
          [
            78.726236,
            12.942523
          ],
          [
            78.726617,
            12.942515
          ],
          [
            78.726684,
            12.942506
          ],
          [
            78.726758,
            12.942496
          ],
          [
            78.726979,
            12.942466
          ],
          [
            78.727427,
            12.942433
          ],
          [
            78.727759,
            12.942409
          ],
          [
            78.727822,
            12.942404
          ],
          [
            78.731893,
            12.942122
          ],
          [
            78.732181,
            12.942102
          ],
          [
            78.733093,
            12.942039
          ],
          [
            78.734014,
            12.941892
          ],
          [
            78.734647,
            12.941713
          ],
          [
            78.735099,
            12.941517
          ],
          [
            78.7358,
            12.941259
          ],
          [
            78.739315,
            12.939722
          ],
          [
            78.741568,
            12.938772
          ],
          [
            78.742331,
            12.938543
          ],
          [
            78.743208,
            12.938303
          ],
          [
            78.743728,
            12.938179
          ],
          [
            78.743813,
            12.938158
          ],
          [
            78.744012,
            12.938086
          ],
          [
            78.744197,
            12.938019
          ],
          [
            78.744324,
            12.937959
          ],
          [
            78.744541,
            12.937856
          ],
          [
            78.745365,
            12.937358
          ],
          [
            78.745912,
            12.937114
          ],
          [
            78.746283,
            12.937021
          ],
          [
            78.747605,
            12.936798
          ],
          [
            78.748103,
            12.936727
          ],
          [
            78.748543,
            12.93678
          ],
          [
            78.749886,
            12.937364
          ],
          [
            78.750998,
            12.937829
          ],
          [
            78.751286,
            12.937912
          ],
          [
            78.751703,
            12.93793
          ],
          [
            78.751899,
            12.937949
          ],
          [
            78.752444,
            12.938003
          ],
          [
            78.752685,
            12.938026
          ],
          [
            78.752901,
            12.938048
          ],
          [
            78.755462,
            12.938299
          ],
          [
            78.756024,
            12.938368
          ],
          [
            78.756511,
            12.93844
          ],
          [
            78.756708,
            12.938469
          ],
          [
            78.757221,
            12.938544
          ],
          [
            78.757673,
            12.938611
          ],
          [
            78.758497,
            12.938776
          ],
          [
            78.758957,
            12.938888
          ],
          [
            78.759722,
            12.939074
          ],
          [
            78.76489,
            12.940724
          ],
          [
            78.765393,
            12.940966
          ],
          [
            78.765875,
            12.941273
          ],
          [
            78.766035,
            12.94141
          ],
          [
            78.7686,
            12.943604
          ],
          [
            78.768838,
            12.943723
          ],
          [
            78.769007,
            12.943775
          ],
          [
            78.76922,
            12.943845
          ],
          [
            78.769631,
            12.943842
          ],
          [
            78.770111,
            12.943845
          ],
          [
            78.770283,
            12.943847
          ],
          [
            78.771177,
            12.943884
          ],
          [
            78.771532,
            12.943902
          ],
          [
            78.771845,
            12.943919
          ],
          [
            78.772021,
            12.943928
          ],
          [
            78.772209,
            12.943938
          ],
          [
            78.772541,
            12.943964
          ],
          [
            78.772814,
            12.943986
          ],
          [
            78.773467,
            12.944039
          ],
          [
            78.774498,
            12.944117
          ],
          [
            78.774653,
            12.944129
          ],
          [
            78.775234,
            12.94422
          ],
          [
            78.777096,
            12.944482
          ],
          [
            78.777672,
            12.944564
          ],
          [
            78.778121,
            12.944628
          ],
          [
            78.78016,
            12.944921
          ],
          [
            78.780426,
            12.944965
          ],
          [
            78.781066,
            12.945069
          ],
          [
            78.7815,
            12.94514
          ],
          [
            78.783322,
            12.945355
          ],
          [
            78.787075,
            12.9457
          ],
          [
            78.78723,
            12.945715
          ],
          [
            78.787713,
            12.945762
          ],
          [
            78.787765,
            12.945767
          ],
          [
            78.788442,
            12.945832
          ],
          [
            78.788626,
            12.94585
          ],
          [
            78.788918,
            12.945878
          ],
          [
            78.78898,
            12.945884
          ],
          [
            78.789571,
            12.945876
          ],
          [
            78.790139,
            12.945979
          ],
          [
            78.790933,
            12.946073
          ],
          [
            78.793563,
            12.946385
          ],
          [
            78.794692,
            12.946536
          ],
          [
            78.795219,
            12.946629
          ],
          [
            78.795788,
            12.946702
          ],
          [
            78.796007,
            12.94673
          ],
          [
            78.796156,
            12.94675
          ],
          [
            78.796898,
            12.946853
          ],
          [
            78.79728,
            12.946919
          ],
          [
            78.798013,
            12.946982
          ],
          [
            78.798255,
            12.947009
          ],
          [
            78.79875,
            12.947008
          ],
          [
            78.799512,
            12.947013
          ],
          [
            78.801478,
            12.947026
          ],
          [
            78.802594,
            12.947034
          ],
          [
            78.803365,
            12.947025
          ],
          [
            78.803931,
            12.947064
          ],
          [
            78.804356,
            12.947105
          ],
          [
            78.807554,
            12.947326
          ],
          [
            78.81161,
            12.947671
          ],
          [
            78.812465,
            12.947744
          ],
          [
            78.812872,
            12.947782
          ],
          [
            78.813185,
            12.94787
          ],
          [
            78.813594,
            12.94798
          ],
          [
            78.813972,
            12.948082
          ],
          [
            78.81424,
            12.948108
          ],
          [
            78.814509,
            12.948135
          ],
          [
            78.815143,
            12.948197
          ],
          [
            78.815645,
            12.948186
          ],
          [
            78.815992,
            12.948194
          ],
          [
            78.816353,
            12.948203
          ],
          [
            78.817238,
            12.948225
          ],
          [
            78.817496,
            12.948232
          ],
          [
            78.818265,
            12.948281
          ],
          [
            78.818532,
            12.948299
          ],
          [
            78.819375,
            12.948388
          ],
          [
            78.820196,
            12.948509
          ],
          [
            78.821044,
            12.948713
          ],
          [
            78.821735,
            12.948854
          ],
          [
            78.82203,
            12.948914
          ],
          [
            78.822209,
            12.948951
          ],
          [
            78.823529,
            12.949292
          ],
          [
            78.824064,
            12.94938
          ],
          [
            78.824463,
            12.949419
          ],
          [
            78.824688,
            12.949441
          ],
          [
            78.825379,
            12.949531
          ],
          [
            78.826559,
            12.949436
          ],
          [
            78.828135,
            12.949088
          ],
          [
            78.82871,
            12.948961
          ],
          [
            78.829662,
            12.94882
          ],
          [
            78.830879,
            12.948695
          ],
          [
            78.831398,
            12.948581
          ],
          [
            78.831719,
            12.94842
          ],
          [
            78.832154,
            12.948143
          ],
          [
            78.832417,
            12.947975
          ],
          [
            78.83406,
            12.94693
          ],
          [
            78.835225,
            12.946234
          ],
          [
            78.83552,
            12.946058
          ],
          [
            78.835584,
            12.94602
          ],
          [
            78.836189,
            12.945686
          ],
          [
            78.836271,
            12.94564
          ],
          [
            78.836416,
            12.94556
          ],
          [
            78.836555,
            12.945505
          ],
          [
            78.836951,
            12.945349
          ],
          [
            78.837252,
            12.945282
          ],
          [
            78.837448,
            12.945239
          ],
          [
            78.837601,
            12.945221
          ],
          [
            78.838148,
            12.945158
          ],
          [
            78.838493,
            12.94512
          ],
          [
            78.838748,
            12.94509
          ],
          [
            78.839054,
            12.945055
          ],
          [
            78.840192,
            12.944924
          ],
          [
            78.84098,
            12.944834
          ],
          [
            78.841201,
            12.944809
          ],
          [
            78.841753,
            12.944745
          ],
          [
            78.842188,
            12.944695
          ],
          [
            78.842864,
            12.944618
          ],
          [
            78.843137,
            12.944587
          ],
          [
            78.843691,
            12.944562
          ],
          [
            78.84396,
            12.944589
          ],
          [
            78.844026,
            12.944617
          ],
          [
            78.844243,
            12.944712
          ],
          [
            78.84445,
            12.944896
          ],
          [
            78.844834,
            12.945165
          ],
          [
            78.845977,
            12.945717
          ],
          [
            78.846377,
            12.94582
          ],
          [
            78.846872,
            12.945877
          ],
          [
            78.847421,
            12.945826
          ],
          [
            78.847865,
            12.945635
          ],
          [
            78.848498,
            12.945192
          ],
          [
            78.84954,
            12.944531
          ],
          [
            78.850067,
            12.94431
          ],
          [
            78.850554,
            12.944195
          ],
          [
            78.851641,
            12.943982
          ],
          [
            78.852511,
            12.943802
          ],
          [
            78.853602,
            12.943587
          ],
          [
            78.853808,
            12.943562
          ],
          [
            78.854339,
            12.943499
          ],
          [
            78.854629,
            12.943475
          ],
          [
            78.854998,
            12.943447
          ],
          [
            78.855543,
            12.943404
          ],
          [
            78.855916,
            12.943379
          ],
          [
            78.856339,
            12.943368
          ],
          [
            78.856589,
            12.943358
          ],
          [
            78.856736,
            12.943343
          ],
          [
            78.856874,
            12.943311
          ],
          [
            78.856948,
            12.943284
          ],
          [
            78.857034,
            12.943246
          ],
          [
            78.857123,
            12.943197
          ],
          [
            78.857227,
            12.943133
          ],
          [
            78.85736,
            12.943072
          ],
          [
            78.857559,
            12.942986
          ],
          [
            78.857699,
            12.942905
          ],
          [
            78.857808,
            12.942827
          ],
          [
            78.857905,
            12.94274
          ],
          [
            78.858012,
            12.942642
          ],
          [
            78.85809,
            12.942581
          ],
          [
            78.858195,
            12.942528
          ],
          [
            78.858336,
            12.942481
          ],
          [
            78.85844,
            12.942445
          ],
          [
            78.858633,
            12.942373
          ],
          [
            78.858876,
            12.942262
          ],
          [
            78.859187,
            12.942135
          ],
          [
            78.859887,
            12.94186
          ],
          [
            78.860684,
            12.941603
          ],
          [
            78.860945,
            12.941519
          ],
          [
            78.86149,
            12.941422
          ],
          [
            78.862184,
            12.941451
          ],
          [
            78.863041,
            12.941407
          ],
          [
            78.863869,
            12.941543
          ],
          [
            78.864657,
            12.941593
          ],
          [
            78.86521,
            12.9417
          ],
          [
            78.865351,
            12.941654
          ],
          [
            78.866409,
            12.941308
          ],
          [
            78.866541,
            12.941265
          ],
          [
            78.86683,
            12.941216
          ],
          [
            78.867061,
            12.941207
          ],
          [
            78.867243,
            12.941509
          ],
          [
            78.867938,
            12.942487
          ],
          [
            78.867978,
            12.942541
          ],
          [
            78.868158,
            12.942776
          ],
          [
            78.868912,
            12.943219
          ],
          [
            78.868974,
            12.943256
          ],
          [
            78.869555,
            12.943671
          ],
          [
            78.869744,
            12.943804
          ],
          [
            78.869956,
            12.943953
          ],
          [
            78.870187,
            12.944102
          ],
          [
            78.870929,
            12.944593
          ],
          [
            78.871546,
            12.944996
          ],
          [
            78.871703,
            12.9451
          ],
          [
            78.871823,
            12.945065
          ],
          [
            78.874469,
            12.94517
          ],
          [
            78.874612,
            12.945175
          ],
          [
            78.875379,
            12.945206
          ],
          [
            78.876371,
            12.944525
          ],
          [
            78.876855,
            12.944252
          ],
          [
            78.877029,
            12.944154
          ],
          [
            78.878958,
            12.943068
          ],
          [
            78.879323,
            12.942862
          ],
          [
            78.87965,
            12.941766
          ],
          [
            78.879787,
            12.941305
          ],
          [
            78.880076,
            12.941034
          ],
          [
            78.880844,
            12.940314
          ],
          [
            78.881074,
            12.940097
          ],
          [
            78.881636,
            12.939913
          ],
          [
            78.882929,
            12.939765
          ],
          [
            78.883259,
            12.939727
          ],
          [
            78.886935,
            12.940113
          ],
          [
            78.887731,
            12.940197
          ],
          [
            78.888526,
            12.940264
          ],
          [
            78.888993,
            12.940323
          ],
          [
            78.889452,
            12.940377
          ],
          [
            78.890478,
            12.940485
          ],
          [
            78.891878,
            12.940632
          ],
          [
            78.8928,
            12.940696
          ],
          [
            78.894157,
            12.940846
          ],
          [
            78.895082,
            12.940828
          ],
          [
            78.895766,
            12.940742
          ],
          [
            78.895996,
            12.940713
          ],
          [
            78.897612,
            12.940306
          ],
          [
            78.898273,
            12.940066
          ],
          [
            78.898607,
            12.939978
          ],
          [
            78.899831,
            12.939657
          ],
          [
            78.900062,
            12.939577
          ],
          [
            78.900102,
            12.939565
          ],
          [
            78.900289,
            12.939515
          ],
          [
            78.903286,
            12.938707
          ],
          [
            78.904038,
            12.938576
          ],
          [
            78.90435,
            12.938589
          ],
          [
            78.905007,
            12.93865
          ],
          [
            78.905886,
            12.938732
          ],
          [
            78.906244,
            12.938735
          ],
          [
            78.906322,
            12.938717
          ],
          [
            78.906548,
            12.938665
          ],
          [
            78.907102,
            12.938537
          ],
          [
            78.907325,
            12.93849
          ],
          [
            78.907705,
            12.93841
          ],
          [
            78.908411,
            12.938262
          ],
          [
            78.910713,
            12.93763
          ],
          [
            78.911053,
            12.937392
          ],
          [
            78.911242,
            12.93726
          ],
          [
            78.911499,
            12.936886
          ],
          [
            78.91192,
            12.936058
          ],
          [
            78.912272,
            12.935767
          ],
          [
            78.913275,
            12.935292
          ],
          [
            78.915539,
            12.933904
          ],
          [
            78.91634,
            12.933369
          ],
          [
            78.91828,
            12.931523
          ],
          [
            78.918633,
            12.931187
          ],
          [
            78.919198,
            12.93063
          ],
          [
            78.919524,
            12.930309
          ],
          [
            78.920672,
            12.929179
          ],
          [
            78.921267,
            12.928592
          ],
          [
            78.921988,
            12.927883
          ],
          [
            78.922908,
            12.92704
          ],
          [
            78.923587,
            12.926419
          ],
          [
            78.926404,
            12.923725
          ],
          [
            78.929319,
            12.920974
          ],
          [
            78.929877,
            12.920575
          ],
          [
            78.930491,
            12.920255
          ],
          [
            78.931211,
            12.919937
          ],
          [
            78.931454,
            12.919881
          ],
          [
            78.93254,
            12.919628
          ],
          [
            78.93319,
            12.919445
          ],
          [
            78.933771,
            12.919341
          ],
          [
            78.934107,
            12.919336
          ],
          [
            78.934859,
            12.919395
          ],
          [
            78.935614,
            12.91955
          ],
          [
            78.935955,
            12.919611
          ],
          [
            78.936063,
            12.919616
          ],
          [
            78.936179,
            12.919601
          ],
          [
            78.936326,
            12.919536
          ],
          [
            78.936397,
            12.919484
          ],
          [
            78.936459,
            12.919434
          ],
          [
            78.936513,
            12.919356
          ],
          [
            78.93658,
            12.919213
          ],
          [
            78.936619,
            12.919113
          ],
          [
            78.938461,
            12.914723
          ],
          [
            78.9387,
            12.91413
          ],
          [
            78.938793,
            12.913897
          ],
          [
            78.938896,
            12.913732
          ],
          [
            78.939354,
            12.913095
          ],
          [
            78.939482,
            12.912863
          ],
          [
            78.939554,
            12.912705
          ],
          [
            78.939625,
            12.912571
          ],
          [
            78.93978,
            12.912378
          ],
          [
            78.939985,
            12.912195
          ],
          [
            78.940063,
            12.912148
          ],
          [
            78.940364,
            12.912101
          ],
          [
            78.940416,
            12.912076
          ],
          [
            78.940472,
            12.912056
          ],
          [
            78.940484,
            12.911814
          ],
          [
            78.940485,
            12.911428
          ],
          [
            78.940504,
            12.910904
          ],
          [
            78.940496,
            12.910481
          ],
          [
            78.940473,
            12.909962
          ],
          [
            78.940472,
            12.909775
          ],
          [
            78.940463,
            12.909567
          ],
          [
            78.940471,
            12.909366
          ],
          [
            78.940509,
            12.90905
          ],
          [
            78.940442,
            12.908686
          ],
          [
            78.94041,
            12.908517
          ],
          [
            78.940313,
            12.907622
          ],
          [
            78.940276,
            12.906875
          ],
          [
            78.940408,
            12.906026
          ],
          [
            78.940415,
            12.905881
          ],
          [
            78.940421,
            12.905389
          ],
          [
            78.940442,
            12.904684
          ],
          [
            78.940488,
            12.90432
          ],
          [
            78.940725,
            12.904363
          ],
          [
            78.941159,
            12.904435
          ],
          [
            78.942003,
            12.904551
          ],
          [
            78.942844,
            12.904667
          ],
          [
            78.942928,
            12.904679
          ],
          [
            78.943559,
            12.904771
          ],
          [
            78.945236,
            12.905012
          ],
          [
            78.946061,
            12.905103
          ],
          [
            78.946363,
            12.905052
          ],
          [
            78.947095,
            12.905156
          ],
          [
            78.947615,
            12.905223
          ],
          [
            78.948019,
            12.905291
          ],
          [
            78.948116,
            12.905305
          ],
          [
            78.948445,
            12.905349
          ],
          [
            78.949224,
            12.905462
          ],
          [
            78.951692,
            12.90585
          ],
          [
            78.953137,
            12.906045
          ],
          [
            78.95508,
            12.906343
          ],
          [
            78.957053,
            12.906698
          ],
          [
            78.958228,
            12.906901
          ],
          [
            78.962284,
            12.907501
          ],
          [
            78.963064,
            12.907616
          ],
          [
            78.968372,
            12.908395
          ],
          [
            78.972898,
            12.909065
          ],
          [
            78.972915,
            12.908917
          ],
          [
            78.972989,
            12.908731
          ],
          [
            78.973408,
            12.908152
          ],
          [
            78.973637,
            12.907836
          ],
          [
            78.974097,
            12.907199
          ],
          [
            78.97439,
            12.906802
          ],
          [
            78.974595,
            12.906524
          ],
          [
            78.975563,
            12.905182
          ],
          [
            78.976131,
            12.904374
          ],
          [
            78.976652,
            12.903695
          ],
          [
            78.977425,
            12.902637
          ],
          [
            78.978435,
            12.901269
          ],
          [
            78.978742,
            12.900889
          ],
          [
            78.978901,
            12.900672
          ],
          [
            78.979277,
            12.900139
          ],
          [
            78.979584,
            12.899727
          ],
          [
            78.980246,
            12.898836
          ],
          [
            78.980263,
            12.898818
          ],
          [
            78.980687,
            12.898257
          ],
          [
            78.980964,
            12.898005
          ],
          [
            78.981468,
            12.897634
          ],
          [
            78.981991,
            12.897267
          ],
          [
            78.982641,
            12.896806
          ],
          [
            78.983157,
            12.896435
          ],
          [
            78.983561,
            12.896163
          ],
          [
            78.983961,
            12.895909
          ],
          [
            78.985488,
            12.89494
          ],
          [
            78.986422,
            12.894416
          ],
          [
            78.9865,
            12.894373
          ],
          [
            78.98777,
            12.893524
          ],
          [
            78.990075,
            12.891933
          ],
          [
            78.990835,
            12.89135
          ],
          [
            78.991836,
            12.890415
          ],
          [
            78.992709,
            12.889626
          ],
          [
            78.992838,
            12.889537
          ],
          [
            78.992977,
            12.889442
          ],
          [
            78.993468,
            12.889162
          ],
          [
            78.995055,
            12.888534
          ],
          [
            78.995298,
            12.888428
          ],
          [
            78.995372,
            12.888396
          ],
          [
            78.996753,
            12.887794
          ],
          [
            78.996842,
            12.887755
          ],
          [
            78.998165,
            12.887181
          ],
          [
            79.000459,
            12.886183
          ],
          [
            79.002697,
            12.885233
          ],
          [
            79.004931,
            12.884378
          ],
          [
            79.005052,
            12.884329
          ],
          [
            79.007284,
            12.883425
          ],
          [
            79.008944,
            12.882809
          ],
          [
            79.009449,
            12.882625
          ],
          [
            79.009838,
            12.882461
          ],
          [
            79.010404,
            12.882256
          ],
          [
            79.010565,
            12.882197
          ],
          [
            79.011682,
            12.881791
          ],
          [
            79.012953,
            12.881362
          ],
          [
            79.013701,
            12.880995
          ],
          [
            79.014246,
            12.880714
          ],
          [
            79.014341,
            12.880666
          ],
          [
            79.015973,
            12.879835
          ],
          [
            79.016829,
            12.879338
          ],
          [
            79.017457,
            12.879056
          ],
          [
            79.018093,
            12.878879
          ],
          [
            79.018258,
            12.878818
          ],
          [
            79.018358,
            12.87879
          ],
          [
            79.018433,
            12.878768
          ],
          [
            79.019157,
            12.878582
          ],
          [
            79.021128,
            12.87811
          ],
          [
            79.022354,
            12.877775
          ],
          [
            79.02525,
            12.877135
          ],
          [
            79.029632,
            12.876217
          ],
          [
            79.029777,
            12.876181
          ],
          [
            79.029833,
            12.876169
          ],
          [
            79.031226,
            12.875882
          ],
          [
            79.03186,
            12.875764
          ],
          [
            79.032396,
            12.875721
          ],
          [
            79.035984,
            12.875476
          ],
          [
            79.03606,
            12.87547
          ],
          [
            79.036234,
            12.875456
          ],
          [
            79.036522,
            12.875398
          ],
          [
            79.037122,
            12.875278
          ],
          [
            79.042332,
            12.873948
          ],
          [
            79.043445,
            12.873704
          ],
          [
            79.043651,
            12.873656
          ],
          [
            79.044831,
            12.873402
          ],
          [
            79.045121,
            12.873347
          ],
          [
            79.045397,
            12.873295
          ],
          [
            79.04573,
            12.873161
          ],
          [
            79.04578,
            12.873134
          ],
          [
            79.047857,
            12.872043
          ],
          [
            79.049596,
            12.871117
          ],
          [
            79.049659,
            12.871084
          ],
          [
            79.050007,
            12.870934
          ],
          [
            79.050152,
            12.870979
          ],
          [
            79.050222,
            12.871162
          ],
          [
            79.050334,
            12.871349
          ],
          [
            79.050598,
            12.871625
          ],
          [
            79.051191,
            12.872105
          ],
          [
            79.051545,
            12.872391
          ],
          [
            79.051971,
            12.872741
          ],
          [
            79.052352,
            12.872956
          ],
          [
            79.05262,
            12.873102
          ],
          [
            79.052733,
            12.873142
          ],
          [
            79.053012,
            12.873238
          ],
          [
            79.053355,
            12.873324
          ],
          [
            79.053927,
            12.873406
          ],
          [
            79.054495,
            12.873426
          ],
          [
            79.05526,
            12.873374
          ],
          [
            79.055911,
            12.873296
          ],
          [
            79.056247,
            12.873217
          ],
          [
            79.056649,
            12.873084
          ],
          [
            79.057537,
            12.87248
          ],
          [
            79.058248,
            12.872093
          ],
          [
            79.058602,
            12.871842
          ],
          [
            79.058709,
            12.871748
          ],
          [
            79.058811,
            12.871625
          ],
          [
            79.059542,
            12.87086
          ],
          [
            79.060356,
            12.870149
          ],
          [
            79.06044,
            12.870055
          ],
          [
            79.062097,
            12.868721
          ],
          [
            79.06251,
            12.868389
          ],
          [
            79.063132,
            12.867887
          ],
          [
            79.063444,
            12.867636
          ],
          [
            79.064226,
            12.867371
          ],
          [
            79.064552,
            12.867277
          ],
          [
            79.066082,
            12.866913
          ],
          [
            79.067453,
            12.866411
          ],
          [
            79.067625,
            12.866356
          ],
          [
            79.067938,
            12.866186
          ],
          [
            79.068351,
            12.865911
          ],
          [
            79.068554,
            12.865823
          ],
          [
            79.068822,
            12.865757
          ],
          [
            79.069007,
            12.865728
          ],
          [
            79.069725,
            12.865714
          ],
          [
            79.071365,
            12.865809
          ],
          [
            79.071802,
            12.865825
          ],
          [
            79.071984,
            12.865816
          ],
          [
            79.072332,
            12.865777
          ],
          [
            79.073047,
            12.865709
          ],
          [
            79.073737,
            12.8657
          ],
          [
            79.074522,
            12.865713
          ],
          [
            79.074726,
            12.865744
          ],
          [
            79.075457,
            12.865925
          ],
          [
            79.075585,
            12.865952
          ],
          [
            79.075734,
            12.865979
          ],
          [
            79.076151,
            12.866027
          ],
          [
            79.076383,
            12.866046
          ],
          [
            79.076504,
            12.86608
          ],
          [
            79.076724,
            12.866161
          ],
          [
            79.07731,
            12.86634
          ],
          [
            79.07744,
            12.866363
          ],
          [
            79.078985,
            12.866629
          ],
          [
            79.0798,
            12.866756
          ],
          [
            79.081903,
            12.867039
          ],
          [
            79.082194,
            12.867129
          ],
          [
            79.082981,
            12.867425
          ],
          [
            79.083357,
            12.867585
          ],
          [
            79.08348,
            12.867635
          ],
          [
            79.08367,
            12.867717
          ],
          [
            79.083881,
            12.86777
          ],
          [
            79.084055,
            12.867809
          ],
          [
            79.084263,
            12.867843
          ],
          [
            79.084451,
            12.867855
          ],
          [
            79.084705,
            12.867858
          ],
          [
            79.08499,
            12.867855
          ],
          [
            79.085173,
            12.867821
          ],
          [
            79.085625,
            12.867818
          ],
          [
            79.085945,
            12.867782
          ],
          [
            79.086147,
            12.867713
          ],
          [
            79.086361,
            12.867583
          ],
          [
            79.090496,
            12.864049
          ],
          [
            79.090969,
            12.863661
          ],
          [
            79.091563,
            12.863173
          ],
          [
            79.092172,
            12.862676
          ],
          [
            79.093588,
            12.861497
          ],
          [
            79.094648,
            12.860453
          ],
          [
            79.096492,
            12.85801
          ],
          [
            79.097232,
            12.857461
          ],
          [
            79.100986,
            12.85548
          ],
          [
            79.102609,
            12.854476
          ],
          [
            79.106625,
            12.85141
          ],
          [
            79.108868,
            12.849839
          ],
          [
            79.109241,
            12.849476
          ],
          [
            79.109378,
            12.848838
          ],
          [
            79.109464,
            12.848619
          ],
          [
            79.109742,
            12.847912
          ],
          [
            79.109778,
            12.847407
          ],
          [
            79.109786,
            12.847293
          ],
          [
            79.109808,
            12.847139
          ],
          [
            79.109968,
            12.847031
          ],
          [
            79.110416,
            12.846911
          ],
          [
            79.111862,
            12.846438
          ],
          [
            79.11232,
            12.846296
          ],
          [
            79.11343,
            12.845877
          ],
          [
            79.114247,
            12.845565
          ],
          [
            79.114751,
            12.845222
          ],
          [
            79.115386,
            12.844793
          ],
          [
            79.117701,
            12.843289
          ],
          [
            79.118938,
            12.842606
          ],
          [
            79.121354,
            12.841288
          ],
          [
            79.12209,
            12.840886
          ],
          [
            79.122726,
            12.840539
          ],
          [
            79.123241,
            12.840288
          ],
          [
            79.127605,
            12.837604
          ],
          [
            79.127738,
            12.837518
          ],
          [
            79.128578,
            12.836933
          ],
          [
            79.129449,
            12.836597
          ],
          [
            79.130308,
            12.83632
          ],
          [
            79.130429,
            12.836276
          ],
          [
            79.130508,
            12.836277
          ],
          [
            79.130542,
            12.835883
          ],
          [
            79.130617,
            12.835363
          ],
          [
            79.130592,
            12.835242
          ],
          [
            79.130621,
            12.835074
          ],
          [
            79.130737,
            12.834403
          ],
          [
            79.130823,
            12.833916
          ],
          [
            79.130945,
            12.833367
          ],
          [
            79.131112,
            12.832622
          ],
          [
            79.131935,
            12.829186
          ],
          [
            79.132532,
            12.826002
          ],
          [
            79.132789,
            12.824315
          ],
          [
            79.132822,
            12.822759
          ],
          [
            79.132889,
            12.821355
          ],
          [
            79.132944,
            12.820588
          ],
          [
            79.132973,
            12.819941
          ],
          [
            79.13303,
            12.817607
          ],
          [
            79.133081,
            12.815925
          ],
          [
            79.133091,
            12.815729
          ],
          [
            79.133113,
            12.815297
          ],
          [
            79.133141,
            12.814835
          ],
          [
            79.133167,
            12.814651
          ],
          [
            79.133218,
            12.814363
          ],
          [
            79.133374,
            12.813783
          ],
          [
            79.133438,
            12.81358
          ],
          [
            79.133611,
            12.813023
          ],
          [
            79.133632,
            12.812947
          ],
          [
            79.133692,
            12.812741
          ],
          [
            79.133798,
            12.812389
          ],
          [
            79.133859,
            12.812151
          ],
          [
            79.133982,
            12.811407
          ],
          [
            79.133987,
            12.811346
          ],
          [
            79.134012,
            12.811123
          ],
          [
            79.134145,
            12.810746
          ],
          [
            79.134224,
            12.810644
          ],
          [
            79.134308,
            12.81043
          ],
          [
            79.134338,
            12.810346
          ],
          [
            79.134418,
            12.810146
          ],
          [
            79.134533,
            12.809605
          ],
          [
            79.134579,
            12.809272
          ],
          [
            79.134552,
            12.80914
          ],
          [
            79.134676,
            12.808186
          ],
          [
            79.134782,
            12.807522
          ],
          [
            79.134898,
            12.806803
          ],
          [
            79.134998,
            12.806136
          ],
          [
            79.135073,
            12.805662
          ],
          [
            79.135103,
            12.805471
          ],
          [
            79.13515,
            12.805197
          ],
          [
            79.135181,
            12.804942
          ],
          [
            79.135297,
            12.804115
          ],
          [
            79.135339,
            12.803734
          ],
          [
            79.135427,
            12.802608
          ],
          [
            79.135507,
            12.800863
          ],
          [
            79.135519,
            12.800645
          ],
          [
            79.135547,
            12.800219
          ],
          [
            79.135765,
            12.798297
          ],
          [
            79.135879,
            12.797376
          ],
          [
            79.136152,
            12.794816
          ],
          [
            79.136167,
            12.794041
          ],
          [
            79.136162,
            12.793435
          ],
          [
            79.135941,
            12.792396
          ],
          [
            79.13573,
            12.791684
          ],
          [
            79.135604,
            12.791189
          ],
          [
            79.135548,
            12.790719
          ],
          [
            79.13555,
            12.790494
          ],
          [
            79.135598,
            12.790308
          ],
          [
            79.135625,
            12.790203
          ],
          [
            79.135682,
            12.789883
          ],
          [
            79.135683,
            12.789826
          ],
          [
            79.135684,
            12.789592
          ],
          [
            79.13563,
            12.789293
          ],
          [
            79.135444,
            12.788842
          ],
          [
            79.135301,
            12.788495
          ],
          [
            79.135196,
            12.788039
          ],
          [
            79.135332,
            12.786612
          ],
          [
            79.135311,
            12.784651
          ],
          [
            79.135316,
            12.784579
          ],
          [
            79.135341,
            12.784303
          ],
          [
            79.135375,
            12.784127
          ],
          [
            79.135595,
            12.783684
          ],
          [
            79.135958,
            12.783042
          ],
          [
            79.136236,
            12.782738
          ],
          [
            79.13647,
            12.782661
          ],
          [
            79.136614,
            12.782633
          ],
          [
            79.136792,
            12.782617
          ],
          [
            79.136973,
            12.782601
          ],
          [
            79.137206,
            12.782533
          ],
          [
            79.137429,
            12.782354
          ],
          [
            79.137758,
            12.781944
          ],
          [
            79.138191,
            12.781313
          ],
          [
            79.139195,
            12.780198
          ],
          [
            79.14164,
            12.777712
          ],
          [
            79.144366,
            12.774942
          ],
          [
            79.148607,
            12.770533
          ],
          [
            79.150355,
            12.768712
          ],
          [
            79.151801,
            12.767325
          ],
          [
            79.153073,
            12.76604
          ],
          [
            79.154405,
            12.764702
          ],
          [
            79.155652,
            12.763427
          ],
          [
            79.15655,
            12.762456
          ],
          [
            79.156661,
            12.762337
          ],
          [
            79.156753,
            12.762218
          ],
          [
            79.156806,
            12.762148
          ],
          [
            79.156929,
            12.762009
          ],
          [
            79.157096,
            12.761795
          ],
          [
            79.157347,
            12.761439
          ],
          [
            79.157735,
            12.760796
          ],
          [
            79.158492,
            12.75957
          ],
          [
            79.158588,
            12.759416
          ],
          [
            79.158732,
            12.759201
          ],
          [
            79.158872,
            12.759037
          ],
          [
            79.159037,
            12.758925
          ],
          [
            79.159242,
            12.758822
          ],
          [
            79.159772,
            12.758598
          ],
          [
            79.160615,
            12.758264
          ],
          [
            79.160843,
            12.758151
          ],
          [
            79.161077,
            12.757998
          ],
          [
            79.161258,
            12.757822
          ],
          [
            79.161434,
            12.757617
          ],
          [
            79.161798,
            12.7571
          ],
          [
            79.161925,
            12.756907
          ],
          [
            79.162207,
            12.756478
          ],
          [
            79.162972,
            12.755306
          ],
          [
            79.163539,
            12.754438
          ],
          [
            79.163785,
            12.754061
          ],
          [
            79.164837,
            12.752429
          ],
          [
            79.165675,
            12.751077
          ],
          [
            79.165879,
            12.750818
          ],
          [
            79.166172,
            12.750486
          ],
          [
            79.166479,
            12.750139
          ],
          [
            79.167371,
            12.749112
          ],
          [
            79.169203,
            12.747134
          ],
          [
            79.16986,
            12.746679
          ],
          [
            79.17002,
            12.746568
          ],
          [
            79.171269,
            12.745825
          ],
          [
            79.171714,
            12.745631
          ],
          [
            79.171804,
            12.745604
          ],
          [
            79.172134,
            12.74552
          ],
          [
            79.172374,
            12.745445
          ],
          [
            79.172485,
            12.745401
          ],
          [
            79.172797,
            12.745276
          ],
          [
            79.173178,
            12.745021
          ],
          [
            79.17329,
            12.744947
          ],
          [
            79.174446,
            12.744141
          ],
          [
            79.175481,
            12.743347
          ],
          [
            79.177696,
            12.741414
          ],
          [
            79.17865,
            12.740561
          ],
          [
            79.180307,
            12.739078
          ],
          [
            79.182707,
            12.736894
          ],
          [
            79.18497,
            12.734838
          ],
          [
            79.187481,
            12.732514
          ],
          [
            79.188964,
            12.731159
          ],
          [
            79.190861,
            12.729656
          ],
          [
            79.191892,
            12.72884
          ],
          [
            79.193969,
            12.727194
          ],
          [
            79.196274,
            12.725337
          ],
          [
            79.197082,
            12.724689
          ],
          [
            79.198445,
            12.723598
          ],
          [
            79.200614,
            12.721863
          ],
          [
            79.201905,
            12.720836
          ],
          [
            79.203826,
            12.719308
          ],
          [
            79.205432,
            12.718084
          ],
          [
            79.205523,
            12.718013
          ],
          [
            79.207238,
            12.716675
          ],
          [
            79.208077,
            12.716022
          ],
          [
            79.210008,
            12.714522
          ],
          [
            79.213534,
            12.711812
          ],
          [
            79.216479,
            12.709464
          ],
          [
            79.217238,
            12.708878
          ],
          [
            79.2204,
            12.706437
          ],
          [
            79.222987,
            12.704447
          ],
          [
            79.225531,
            12.702795
          ],
          [
            79.228619,
            12.700861
          ],
          [
            79.228961,
            12.700647
          ],
          [
            79.229997,
            12.699998
          ],
          [
            79.230325,
            12.699793
          ],
          [
            79.23332,
            12.697918
          ],
          [
            79.234208,
            12.69748
          ],
          [
            79.234422,
            12.697375
          ],
          [
            79.234557,
            12.697316
          ],
          [
            79.235378,
            12.696958
          ],
          [
            79.236387,
            12.696591
          ],
          [
            79.238158,
            12.696055
          ],
          [
            79.241185,
            12.695234
          ],
          [
            79.241328,
            12.695195
          ],
          [
            79.241755,
            12.695092
          ],
          [
            79.241851,
            12.695069
          ],
          [
            79.243622,
            12.694642
          ],
          [
            79.248886,
            12.693292
          ],
          [
            79.249486,
            12.693134
          ],
          [
            79.250825,
            12.692781
          ],
          [
            79.251014,
            12.692731
          ],
          [
            79.251165,
            12.692691
          ],
          [
            79.251471,
            12.692611
          ],
          [
            79.252299,
            12.692393
          ],
          [
            79.252447,
            12.692358
          ],
          [
            79.253022,
            12.692224
          ],
          [
            79.25315,
            12.692194
          ],
          [
            79.253317,
            12.692156
          ],
          [
            79.254933,
            12.691779
          ],
          [
            79.260864,
            12.690268
          ],
          [
            79.261628,
            12.690074
          ],
          [
            79.262007,
            12.689978
          ],
          [
            79.262683,
            12.689808
          ],
          [
            79.262815,
            12.689775
          ],
          [
            79.263042,
            12.689718
          ],
          [
            79.263633,
            12.689569
          ],
          [
            79.264255,
            12.689391
          ],
          [
            79.264646,
            12.689293
          ],
          [
            79.266874,
            12.688732
          ],
          [
            79.267144,
            12.688665
          ],
          [
            79.267307,
            12.688624
          ],
          [
            79.267865,
            12.688484
          ],
          [
            79.268455,
            12.688336
          ],
          [
            79.268819,
            12.688245
          ],
          [
            79.269535,
            12.688065
          ],
          [
            79.269608,
            12.688045
          ],
          [
            79.269699,
            12.688021
          ],
          [
            79.270526,
            12.6878
          ],
          [
            79.270842,
            12.687715
          ],
          [
            79.271223,
            12.687613
          ],
          [
            79.271448,
            12.687553
          ],
          [
            79.272119,
            12.687373
          ],
          [
            79.273723,
            12.686944
          ],
          [
            79.276491,
            12.686203
          ],
          [
            79.276805,
            12.686089
          ],
          [
            79.277102,
            12.686015
          ],
          [
            79.27889,
            12.685522
          ],
          [
            79.279723,
            12.685293
          ],
          [
            79.280222,
            12.685163
          ],
          [
            79.280686,
            12.685042
          ],
          [
            79.281158,
            12.684919
          ],
          [
            79.282177,
            12.684654
          ],
          [
            79.282334,
            12.684612
          ],
          [
            79.282865,
            12.684455
          ],
          [
            79.283282,
            12.684379
          ],
          [
            79.283428,
            12.68433
          ],
          [
            79.283649,
            12.684262
          ],
          [
            79.283793,
            12.68417
          ],
          [
            79.283851,
            12.684085
          ],
          [
            79.283937,
            12.683908
          ],
          [
            79.284099,
            12.683582
          ],
          [
            79.284269,
            12.683233
          ],
          [
            79.28427,
            12.68323
          ],
          [
            79.284328,
            12.683066
          ],
          [
            79.284338,
            12.683026
          ],
          [
            79.284351,
            12.68295
          ],
          [
            79.284361,
            12.682845
          ],
          [
            79.284306,
            12.682727
          ],
          [
            79.284246,
            12.682537
          ],
          [
            79.284204,
            12.682325
          ],
          [
            79.284193,
            12.682222
          ],
          [
            79.284179,
            12.682023
          ],
          [
            79.284165,
            12.681867
          ],
          [
            79.284296,
            12.681579
          ],
          [
            79.284355,
            12.68145
          ],
          [
            79.284834,
            12.680822
          ],
          [
            79.285866,
            12.679454
          ],
          [
            79.285958,
            12.679343
          ],
          [
            79.286258,
            12.678946
          ],
          [
            79.286396,
            12.678747
          ],
          [
            79.286503,
            12.678556
          ],
          [
            79.28663,
            12.678028
          ],
          [
            79.286693,
            12.677769
          ],
          [
            79.286754,
            12.677507
          ],
          [
            79.286764,
            12.676898
          ],
          [
            79.286759,
            12.676762
          ],
          [
            79.286745,
            12.676306
          ],
          [
            79.286559,
            12.675547
          ],
          [
            79.286436,
            12.675045
          ],
          [
            79.28642,
            12.674983
          ],
          [
            79.286323,
            12.674652
          ],
          [
            79.286153,
            12.674073
          ],
          [
            79.28603,
            12.673652
          ],
          [
            79.285908,
            12.673194
          ],
          [
            79.285866,
            12.672946
          ],
          [
            79.285806,
            12.672601
          ],
          [
            79.285703,
            12.672004
          ],
          [
            79.28568,
            12.671873
          ],
          [
            79.28564,
            12.6717
          ],
          [
            79.285473,
            12.670974
          ],
          [
            79.285416,
            12.670675
          ],
          [
            79.285293,
            12.670031
          ],
          [
            79.285244,
            12.669774
          ],
          [
            79.285155,
            12.669308
          ],
          [
            79.285836,
            12.669242
          ],
          [
            79.286232,
            12.669204
          ],
          [
            79.286963,
            12.669144
          ],
          [
            79.287133,
            12.669092
          ],
          [
            79.287708,
            12.668873
          ],
          [
            79.287965,
            12.668776
          ],
          [
            79.288093,
            12.668727
          ],
          [
            79.288379,
            12.668613
          ],
          [
            79.288612,
            12.66852
          ],
          [
            79.289188,
            12.668248
          ],
          [
            79.289344,
            12.668181
          ],
          [
            79.289913,
            12.667939
          ],
          [
            79.289972,
            12.667914
          ],
          [
            79.290143,
            12.667842
          ],
          [
            79.290165,
            12.667667
          ],
          [
            79.290179,
            12.66739
          ],
          [
            79.290153,
            12.667028
          ],
          [
            79.290086,
            12.666616
          ],
          [
            79.289976,
            12.666195
          ],
          [
            79.289934,
            12.665991
          ],
          [
            79.289916,
            12.665904
          ],
          [
            79.289895,
            12.665708
          ],
          [
            79.28995,
            12.665163
          ],
          [
            79.290021,
            12.664552
          ],
          [
            79.290043,
            12.664173
          ],
          [
            79.290047,
            12.663947
          ],
          [
            79.29005,
            12.663734
          ],
          [
            79.290057,
            12.663464
          ],
          [
            79.290089,
            12.663285
          ],
          [
            79.290202,
            12.663131
          ],
          [
            79.290334,
            12.663064
          ],
          [
            79.290774,
            12.662898
          ],
          [
            79.291206,
            12.662709
          ],
          [
            79.291366,
            12.662385
          ],
          [
            79.292001,
            12.661076
          ],
          [
            79.29225,
            12.660587
          ],
          [
            79.29234,
            12.66041
          ],
          [
            79.293201,
            12.658717
          ],
          [
            79.2942,
            12.656754
          ],
          [
            79.29433,
            12.656498
          ],
          [
            79.294402,
            12.656107
          ],
          [
            79.294441,
            12.655897
          ],
          [
            79.294386,
            12.655554
          ],
          [
            79.29431,
            12.655084
          ],
          [
            79.294249,
            12.654708
          ],
          [
            79.294192,
            12.654355
          ],
          [
            79.294049,
            12.653461
          ],
          [
            79.293732,
            12.651756
          ],
          [
            79.293636,
            12.651238
          ],
          [
            79.293605,
            12.651071
          ],
          [
            79.293518,
            12.650569
          ],
          [
            79.293428,
            12.650047
          ],
          [
            79.293354,
            12.649622
          ],
          [
            79.29325,
            12.64902
          ],
          [
            79.293219,
            12.648763
          ],
          [
            79.293197,
            12.648582
          ],
          [
            79.293151,
            12.648201
          ],
          [
            79.293018,
            12.647092
          ],
          [
            79.292936,
            12.646415
          ],
          [
            79.292844,
            12.645648
          ],
          [
            79.292928,
            12.64485
          ],
          [
            79.294502,
            12.641793
          ],
          [
            79.295935,
            12.638883
          ],
          [
            79.296107,
            12.638223
          ],
          [
            79.296807,
            12.635526
          ],
          [
            79.297336,
            12.628213
          ],
          [
            79.29753,
            12.627093
          ],
          [
            79.29766,
            12.62605
          ],
          [
            79.298575,
            12.621067
          ],
          [
            79.299014,
            12.61955
          ],
          [
            79.300623,
            12.61398
          ],
          [
            79.302613,
            12.60839
          ],
          [
            79.303964,
            12.604594
          ],
          [
            79.3042,
            12.603929
          ],
          [
            79.304556,
            12.60293
          ],
          [
            79.305781,
            12.600091
          ],
          [
            79.305939,
            12.599725
          ],
          [
            79.306266,
            12.598937
          ],
          [
            79.308981,
            12.593039
          ],
          [
            79.309577,
            12.591767
          ],
          [
            79.309671,
            12.591566
          ],
          [
            79.309751,
            12.590907
          ],
          [
            79.309794,
            12.590554
          ],
          [
            79.309829,
            12.590266
          ],
          [
            79.310108,
            12.589493
          ],
          [
            79.310431,
            12.588599
          ],
          [
            79.310618,
            12.588079
          ],
          [
            79.310823,
            12.587402
          ],
          [
            79.311106,
            12.586463
          ],
          [
            79.310944,
            12.585439
          ],
          [
            79.310863,
            12.584965
          ],
          [
            79.31083,
            12.584497
          ],
          [
            79.31083,
            12.584374
          ],
          [
            79.310869,
            12.583837
          ],
          [
            79.310952,
            12.583219
          ],
          [
            79.311022,
            12.582591
          ],
          [
            79.311124,
            12.581903
          ],
          [
            79.311303,
            12.580701
          ],
          [
            79.311595,
            12.579424
          ],
          [
            79.31184,
            12.57768
          ],
          [
            79.311894,
            12.577419
          ],
          [
            79.311915,
            12.577297
          ],
          [
            79.311947,
            12.57712
          ],
          [
            79.312013,
            12.576753
          ],
          [
            79.312112,
            12.576428
          ],
          [
            79.312271,
            12.576118
          ],
          [
            79.312505,
            12.575788
          ],
          [
            79.312754,
            12.575559
          ],
          [
            79.31309,
            12.575304
          ],
          [
            79.31359,
            12.575085
          ],
          [
            79.314423,
            12.574863
          ],
          [
            79.315038,
            12.574693
          ],
          [
            79.315707,
            12.574481
          ],
          [
            79.315849,
            12.574427
          ],
          [
            79.316205,
            12.574206
          ],
          [
            79.31644,
            12.574023
          ],
          [
            79.316503,
            12.573973
          ],
          [
            79.31658,
            12.573883
          ],
          [
            79.317499,
            12.572565
          ],
          [
            79.31901,
            12.57021
          ],
          [
            79.319398,
            12.569306
          ],
          [
            79.319532,
            12.5689
          ],
          [
            79.319878,
            12.567848
          ],
          [
            79.320501,
            12.566108
          ],
          [
            79.32087,
            12.565076
          ],
          [
            79.320977,
            12.56478
          ],
          [
            79.321205,
            12.564141
          ],
          [
            79.321263,
            12.563985
          ],
          [
            79.32135,
            12.563708
          ],
          [
            79.321671,
            12.562773
          ],
          [
            79.321782,
            12.562359
          ],
          [
            79.321911,
            12.561884
          ],
          [
            79.321956,
            12.561473
          ],
          [
            79.321983,
            12.561164
          ],
          [
            79.321971,
            12.560569
          ],
          [
            79.321963,
            12.559987
          ],
          [
            79.321961,
            12.55961
          ],
          [
            79.321948,
            12.559095
          ],
          [
            79.321908,
            12.557848
          ],
          [
            79.321882,
            12.556921
          ],
          [
            79.321932,
            12.556655
          ],
          [
            79.321993,
            12.556354
          ],
          [
            79.32208,
            12.556121
          ],
          [
            79.32226,
            12.555802
          ],
          [
            79.322992,
            12.555
          ],
          [
            79.324353,
            12.553576
          ],
          [
            79.324786,
            12.553108
          ],
          [
            79.326032,
            12.551759
          ],
          [
            79.326289,
            12.551354
          ],
          [
            79.326898,
            12.549838
          ],
          [
            79.32771,
            12.547815
          ],
          [
            79.329357,
            12.543782
          ],
          [
            79.330508,
            12.540644
          ],
          [
            79.331609,
            12.537644
          ],
          [
            79.332393,
            12.53626
          ],
          [
            79.332887,
            12.535388
          ],
          [
            79.334148,
            12.533363
          ],
          [
            79.335148,
            12.531578
          ],
          [
            79.335856,
            12.529843
          ],
          [
            79.335926,
            12.529667
          ],
          [
            79.336352,
            12.528559
          ],
          [
            79.336895,
            12.52715
          ],
          [
            79.336919,
            12.527086
          ],
          [
            79.337075,
            12.526676
          ],
          [
            79.337453,
            12.525687
          ],
          [
            79.33892,
            12.52184
          ],
          [
            79.339971,
            12.519188
          ],
          [
            79.340976,
            12.516535
          ],
          [
            79.341082,
            12.516256
          ],
          [
            79.341244,
            12.515835
          ],
          [
            79.341369,
            12.515509
          ],
          [
            79.342,
            12.513838
          ],
          [
            79.342642,
            12.512148
          ],
          [
            79.342973,
            12.511267
          ],
          [
            79.344065,
            12.508364
          ],
          [
            79.345196,
            12.505477
          ],
          [
            79.345676,
            12.504299
          ],
          [
            79.345827,
            12.503848
          ],
          [
            79.346067,
            12.503129
          ],
          [
            79.346776,
            12.500763
          ],
          [
            79.347937,
            12.496926
          ],
          [
            79.348018,
            12.496649
          ],
          [
            79.348194,
            12.496051
          ],
          [
            79.348225,
            12.495961
          ],
          [
            79.348237,
            12.495776
          ],
          [
            79.348213,
            12.494401
          ],
          [
            79.348141,
            12.492906
          ],
          [
            79.348078,
            12.491896
          ],
          [
            79.34803,
            12.491138
          ],
          [
            79.347974,
            12.490244
          ],
          [
            79.347953,
            12.489904
          ],
          [
            79.347949,
            12.48982
          ],
          [
            79.347925,
            12.489326
          ],
          [
            79.347883,
            12.488455
          ],
          [
            79.348107,
            12.48769
          ],
          [
            79.348206,
            12.487353
          ],
          [
            79.348398,
            12.486697
          ],
          [
            79.348923,
            12.484659
          ],
          [
            79.349047,
            12.484269
          ],
          [
            79.34913,
            12.483832
          ],
          [
            79.349286,
            12.4827
          ],
          [
            79.349573,
            12.480692
          ],
          [
            79.349964,
            12.477874
          ],
          [
            79.350356,
            12.475585
          ],
          [
            79.350386,
            12.475422
          ],
          [
            79.350523,
            12.474498
          ],
          [
            79.350571,
            12.473585
          ],
          [
            79.350583,
            12.472213
          ],
          [
            79.350584,
            12.472128
          ],
          [
            79.350584,
            12.472055
          ],
          [
            79.350568,
            12.471227
          ],
          [
            79.350576,
            12.47091
          ],
          [
            79.350567,
            12.470118
          ],
          [
            79.350567,
            12.469303
          ],
          [
            79.350598,
            12.468422
          ],
          [
            79.350596,
            12.468164
          ],
          [
            79.350647,
            12.466846
          ],
          [
            79.350667,
            12.46631
          ],
          [
            79.350703,
            12.465987
          ],
          [
            79.350699,
            12.464627
          ],
          [
            79.350694,
            12.463203
          ],
          [
            79.35074,
            12.461882
          ],
          [
            79.351003,
            12.458944
          ],
          [
            79.351031,
            12.458634
          ],
          [
            79.351057,
            12.458344
          ],
          [
            79.351138,
            12.45677
          ],
          [
            79.351143,
            12.456673
          ],
          [
            79.351175,
            12.456044
          ],
          [
            79.351519,
            12.453313
          ],
          [
            79.351789,
            12.45117
          ],
          [
            79.351897,
            12.450311
          ],
          [
            79.351919,
            12.450143
          ],
          [
            79.352166,
            12.44824
          ],
          [
            79.352665,
            12.444389
          ],
          [
            79.353312,
            12.439405
          ],
          [
            79.353371,
            12.437663
          ],
          [
            79.353784,
            12.434397
          ],
          [
            79.353903,
            12.43325
          ],
          [
            79.353988,
            12.432435
          ],
          [
            79.354112,
            12.430518
          ],
          [
            79.354194,
            12.428879
          ],
          [
            79.35466,
            12.427505
          ],
          [
            79.354892,
            12.426021
          ],
          [
            79.355609,
            12.422522
          ],
          [
            79.356189,
            12.4202
          ],
          [
            79.356915,
            12.418417
          ],
          [
            79.357726,
            12.416126
          ],
          [
            79.359318,
            12.411366
          ],
          [
            79.361461,
            12.406834
          ],
          [
            79.363284,
            12.40343
          ],
          [
            79.364207,
            12.400755
          ],
          [
            79.36694,
            12.392089
          ],
          [
            79.367589,
            12.38966
          ],
          [
            79.369746,
            12.381593
          ],
          [
            79.370078,
            12.38039
          ],
          [
            79.370957,
            12.377206
          ],
          [
            79.371483,
            12.375305
          ],
          [
            79.371607,
            12.374861
          ],
          [
            79.373095,
            12.369561
          ],
          [
            79.373814,
            12.366771
          ],
          [
            79.373828,
            12.366713
          ],
          [
            79.375478,
            12.361644
          ],
          [
            79.376698,
            12.35802
          ],
          [
            79.37702,
            12.356139
          ],
          [
            79.377044,
            12.356009
          ],
          [
            79.377359,
            12.35428
          ],
          [
            79.37768,
            12.352523
          ],
          [
            79.377631,
            12.351069
          ],
          [
            79.377628,
            12.349608
          ],
          [
            79.377626,
            12.348604
          ],
          [
            79.377868,
            12.348114
          ],
          [
            79.378389,
            12.347057
          ],
          [
            79.378391,
            12.34702
          ],
          [
            79.378413,
            12.346559
          ],
          [
            79.378354,
            12.345876
          ],
          [
            79.378335,
            12.345661
          ],
          [
            79.378311,
            12.345378
          ],
          [
            79.378248,
            12.344647
          ],
          [
            79.37828,
            12.34432
          ],
          [
            79.378306,
            12.34406
          ],
          [
            79.380222,
            12.341555
          ],
          [
            79.380368,
            12.341233
          ],
          [
            79.381725,
            12.338238
          ],
          [
            79.381904,
            12.337151
          ],
          [
            79.382027,
            12.336407
          ],
          [
            79.382164,
            12.335569
          ],
          [
            79.3822,
            12.334851
          ],
          [
            79.381941,
            12.333395
          ],
          [
            79.382033,
            12.333048
          ],
          [
            79.382112,
            12.332746
          ],
          [
            79.382278,
            12.332408
          ],
          [
            79.382424,
            12.33211
          ],
          [
            79.382535,
            12.331612
          ],
          [
            79.382701,
            12.330862
          ],
          [
            79.382508,
            12.32985
          ],
          [
            79.382497,
            12.329793
          ],
          [
            79.38236,
            12.328966
          ],
          [
            79.383208,
            12.326607
          ],
          [
            79.383871,
            12.325171
          ],
          [
            79.385501,
            12.323431
          ],
          [
            79.385541,
            12.323381
          ],
          [
            79.387658,
            12.320716
          ],
          [
            79.390171,
            12.318851
          ],
          [
            79.390238,
            12.318785
          ],
          [
            79.3906,
            12.318432
          ],
          [
            79.390828,
            12.31804
          ],
          [
            79.393003,
            12.314302
          ],
          [
            79.393236,
            12.313776
          ],
          [
            79.393625,
            12.312897
          ],
          [
            79.395833,
            12.310119
          ],
          [
            79.396159,
            12.309862
          ],
          [
            79.39755,
            12.308761
          ],
          [
            79.398285,
            12.30818
          ],
          [
            79.398349,
            12.308129
          ],
          [
            79.398591,
            12.307939
          ],
          [
            79.39961,
            12.307297
          ],
          [
            79.404601,
            12.304155
          ],
          [
            79.404944,
            12.303883
          ],
          [
            79.405364,
            12.303236
          ],
          [
            79.40589,
            12.302426
          ],
          [
            79.407538,
            12.299888
          ],
          [
            79.409384,
            12.297959
          ],
          [
            79.413659,
            12.293599
          ],
          [
            79.41371,
            12.293547
          ],
          [
            79.418578,
            12.288514
          ],
          [
            79.421252,
            12.285621
          ],
          [
            79.422667,
            12.28409
          ],
          [
            79.423428,
            12.283211
          ],
          [
            79.424428,
            12.282005
          ],
          [
            79.424845,
            12.281385
          ],
          [
            79.425477,
            12.28018
          ],
          [
            79.425522,
            12.280064
          ],
          [
            79.425919,
            12.279049
          ],
          [
            79.426552,
            12.276417
          ],
          [
            79.426882,
            12.273544
          ],
          [
            79.427408,
            12.268135
          ],
          [
            79.428234,
            12.263836
          ],
          [
            79.428288,
            12.260334
          ],
          [
            79.428449,
            12.257556
          ],
          [
            79.428277,
            12.254054
          ],
          [
            79.428674,
            12.252954
          ],
          [
            79.428953,
            12.252429
          ],
          [
            79.429425,
            12.251727
          ],
          [
            79.42952,
            12.25137
          ],
          [
            79.429653,
            12.250867
          ],
          [
            79.429777,
            12.250396
          ],
          [
            79.42981,
            12.250233
          ],
          [
            79.430175,
            12.250132
          ],
          [
            79.431061,
            12.249847
          ],
          [
            79.431888,
            12.24949
          ],
          [
            79.432628,
            12.24921
          ],
          [
            79.433325,
            12.249108
          ],
          [
            79.433475,
            12.249086
          ],
          [
            79.434044,
            12.249012
          ],
          [
            79.434687,
            12.248929
          ],
          [
            79.435455,
            12.248852
          ],
          [
            79.436385,
            12.248758
          ],
          [
            79.436911,
            12.248682
          ],
          [
            79.438429,
            12.248715
          ],
          [
            79.439315,
            12.248744
          ],
          [
            79.440298,
            12.248686
          ],
          [
            79.441753,
            12.248615
          ],
          [
            79.442517,
            12.248534
          ],
          [
            79.44354,
            12.248511
          ],
          [
            79.445416,
            12.248699
          ],
          [
            79.445707,
            12.248729
          ],
          [
            79.446056,
            12.248779
          ],
          [
            79.447355,
            12.248924
          ],
          [
            79.447973,
            12.248991
          ],
          [
            79.448976,
            12.249082
          ],
          [
            79.450014,
            12.249193
          ],
          [
            79.450431,
            12.249238
          ],
          [
            79.451497,
            12.249514
          ],
          [
            79.453278,
            12.250018
          ],
          [
            79.4543,
            12.250337
          ],
          [
            79.45524,
            12.250698
          ],
          [
            79.455965,
            12.250898
          ],
          [
            79.458106,
            12.251512
          ],
          [
            79.45975,
            12.251965
          ],
          [
            79.461026,
            12.252318
          ],
          [
            79.462448,
            12.252625
          ],
          [
            79.465222,
            12.25329
          ],
          [
            79.467431,
            12.253804
          ],
          [
            79.468315,
            12.253995
          ],
          [
            79.471446,
            12.254689
          ],
          [
            79.474741,
            12.255402
          ],
          [
            79.475975,
            12.255635
          ],
          [
            79.477632,
            12.255947
          ],
          [
            79.48083,
            12.256543
          ],
          [
            79.482256,
            12.256834
          ],
          [
            79.482831,
            12.256914
          ],
          [
            79.483142,
            12.256929
          ],
          [
            79.484335,
            12.256872
          ],
          [
            79.486303,
            12.256782
          ],
          [
            79.487221,
            12.256719
          ],
          [
            79.488131,
            12.256672
          ],
          [
            79.489615,
            12.256677
          ],
          [
            79.492803,
            12.256805
          ],
          [
            79.495869,
            12.256924
          ],
          [
            79.498054,
            12.257019
          ],
          [
            79.49877,
            12.257038
          ],
          [
            79.499334,
            12.256981
          ],
          [
            79.500026,
            12.256857
          ],
          [
            79.500798,
            12.256621
          ],
          [
            79.501116,
            12.256524
          ],
          [
            79.502697,
            12.256058
          ],
          [
            79.503211,
            12.255913
          ],
          [
            79.504192,
            12.255635
          ],
          [
            79.506299,
            12.254998
          ],
          [
            79.508129,
            12.25447
          ],
          [
            79.509287,
            12.254113
          ],
          [
            79.510514,
            12.253818
          ],
          [
            79.511444,
            12.253637
          ],
          [
            79.512683,
            12.253341
          ],
          [
            79.51293,
            12.253321
          ],
          [
            79.513392,
            12.253314
          ],
          [
            79.514204,
            12.253354
          ],
          [
            79.515112,
            12.253482
          ],
          [
            79.515732,
            12.253462
          ],
          [
            79.516255,
            12.253445
          ],
          [
            79.516957,
            12.253422
          ],
          [
            79.517323,
            12.253426
          ],
          [
            79.517969,
            12.253435
          ],
          [
            79.521038,
            12.253603
          ],
          [
            79.524041,
            12.253751
          ],
          [
            79.524528,
            12.253771
          ],
          [
            79.525463,
            12.253801
          ],
          [
            79.526056,
            12.253806
          ],
          [
            79.526896,
            12.253744
          ],
          [
            79.527431,
            12.253697
          ],
          [
            79.528592,
            12.253595
          ],
          [
            79.52931,
            12.253526
          ],
          [
            79.530814,
            12.253385
          ],
          [
            79.531285,
            12.253342
          ],
          [
            79.532303,
            12.253249
          ],
          [
            79.532838,
            12.2532
          ],
          [
            79.533972,
            12.253109
          ],
          [
            79.535233,
            12.253043
          ],
          [
            79.536188,
            12.253031
          ],
          [
            79.53746,
            12.253082
          ],
          [
            79.539044,
            12.253175
          ],
          [
            79.541458,
            12.253275
          ],
          [
            79.543349,
            12.253368
          ],
          [
            79.545142,
            12.253476
          ],
          [
            79.546824,
            12.253577
          ],
          [
            79.548717,
            12.253653
          ],
          [
            79.549226,
            12.253684
          ],
          [
            79.549467,
            12.253686
          ],
          [
            79.549776,
            12.253653
          ],
          [
            79.551005,
            12.253456
          ],
          [
            79.552835,
            12.253123
          ],
          [
            79.553117,
            12.253078
          ],
          [
            79.553471,
            12.253021
          ],
          [
            79.553589,
            12.253002
          ],
          [
            79.55446,
            12.252864
          ],
          [
            79.556023,
            12.252586
          ],
          [
            79.556894,
            12.252434
          ],
          [
            79.557393,
            12.252348
          ],
          [
            79.557565,
            12.252321
          ],
          [
            79.557823,
            12.252282
          ],
          [
            79.55815,
            12.252232
          ],
          [
            79.558209,
            12.252223
          ],
          [
            79.558342,
            12.252202
          ],
          [
            79.558515,
            12.252166
          ],
          [
            79.558783,
            12.252109
          ],
          [
            79.559176,
            12.252027
          ],
          [
            79.55933,
            12.251985
          ],
          [
            79.559977,
            12.25181
          ],
          [
            79.56011,
            12.25177
          ],
          [
            79.561162,
            12.251449
          ],
          [
            79.563011,
            12.250916
          ],
          [
            79.564386,
            12.250521
          ],
          [
            79.56511,
            12.250343
          ],
          [
            79.565486,
            12.25025
          ],
          [
            79.566085,
            12.250119
          ],
          [
            79.566552,
            12.250062
          ],
          [
            79.567718,
            12.250015
          ],
          [
            79.568808,
            12.250008
          ],
          [
            79.569718,
            12.249998
          ],
          [
            79.570245,
            12.249993
          ],
          [
            79.570465,
            12.250037
          ],
          [
            79.57218,
            12.250379
          ],
          [
            79.572297,
            12.250402
          ],
          [
            79.573525,
            12.25064
          ],
          [
            79.57494,
            12.250914
          ],
          [
            79.577773,
            12.251425
          ],
          [
            79.578845,
            12.251434
          ],
          [
            79.579281,
            12.251294
          ],
          [
            79.580136,
            12.251019
          ],
          [
            79.58142,
            12.250511
          ],
          [
            79.582887,
            12.249858
          ],
          [
            79.583324,
            12.24971
          ],
          [
            79.584169,
            12.249435
          ],
          [
            79.584651,
            12.249263
          ],
          [
            79.585078,
            12.249125
          ],
          [
            79.586813,
            12.248583
          ],
          [
            79.587485,
            12.24837
          ],
          [
            79.588249,
            12.248129
          ],
          [
            79.589979,
            12.247561
          ],
          [
            79.590177,
            12.247491
          ],
          [
            79.591551,
            12.24701
          ],
          [
            79.591731,
            12.246947
          ],
          [
            79.592649,
            12.246616
          ],
          [
            79.593239,
            12.246413
          ],
          [
            79.59343,
            12.246348
          ],
          [
            79.595106,
            12.245922
          ],
          [
            79.595875,
            12.245708
          ],
          [
            79.596384,
            12.245607
          ],
          [
            79.597181,
            12.245506
          ],
          [
            79.5974,
            12.245479
          ],
          [
            79.597524,
            12.245463
          ],
          [
            79.59762,
            12.245451
          ],
          [
            79.59809,
            12.245384
          ],
          [
            79.598769,
            12.245287
          ],
          [
            79.59982,
            12.245163
          ],
          [
            79.600455,
            12.245087
          ],
          [
            79.600849,
            12.24504
          ],
          [
            79.601042,
            12.24503
          ],
          [
            79.601258,
            12.245047
          ],
          [
            79.601679,
            12.245123
          ],
          [
            79.602421,
            12.245308
          ],
          [
            79.604046,
            12.245704
          ],
          [
            79.604576,
            12.245829
          ],
          [
            79.606098,
            12.246187
          ],
          [
            79.606798,
            12.246351
          ],
          [
            79.609846,
            12.24707
          ],
          [
            79.614477,
            12.248163
          ],
          [
            79.615692,
            12.24845
          ],
          [
            79.618677,
            12.249133
          ],
          [
            79.621003,
            12.249552
          ],
          [
            79.621332,
            12.249611
          ],
          [
            79.623649,
            12.250029
          ],
          [
            79.624977,
            12.250259
          ],
          [
            79.62579,
            12.250384
          ],
          [
            79.626773,
            12.250549
          ],
          [
            79.627473,
            12.250667
          ],
          [
            79.62802,
            12.250732
          ],
          [
            79.628546,
            12.250852
          ],
          [
            79.628636,
            12.250873
          ],
          [
            79.629063,
            12.25103
          ],
          [
            79.629324,
            12.251125
          ],
          [
            79.630662,
            12.251639
          ],
          [
            79.631472,
            12.251981
          ],
          [
            79.63179,
            12.252168
          ],
          [
            79.631929,
            12.252313
          ],
          [
            79.632358,
            12.252659
          ],
          [
            79.632423,
            12.252716
          ],
          [
            79.632474,
            12.252661
          ],
          [
            79.632518,
            12.252604
          ],
          [
            79.632584,
            12.252534
          ],
          [
            79.632667,
            12.252482
          ],
          [
            79.632731,
            12.25247
          ],
          [
            79.63277,
            12.252462
          ],
          [
            79.632879,
            12.252469
          ],
          [
            79.633089,
            12.252554
          ],
          [
            79.636141,
            12.253725
          ],
          [
            79.636564,
            12.253804
          ],
          [
            79.637118,
            12.253786
          ],
          [
            79.637688,
            12.253719
          ],
          [
            79.638651,
            12.253549
          ],
          [
            79.63896,
            12.25342
          ],
          [
            79.639086,
            12.253238
          ],
          [
            79.639337,
            12.252874
          ],
          [
            79.639528,
            12.252527
          ],
          [
            79.640358,
            12.251013
          ],
          [
            79.640676,
            12.250468
          ],
          [
            79.640739,
            12.25036
          ],
          [
            79.641077,
            12.249779
          ],
          [
            79.64123,
            12.249515
          ],
          [
            79.641813,
            12.248555
          ],
          [
            79.642206,
            12.248054
          ],
          [
            79.642494,
            12.247635
          ],
          [
            79.642647,
            12.247281
          ],
          [
            79.642749,
            12.247056
          ],
          [
            79.642773,
            12.247002
          ],
          [
            79.643022,
            12.246277
          ],
          [
            79.64335,
            12.245329
          ],
          [
            79.643595,
            12.244656
          ],
          [
            79.643713,
            12.244331
          ],
          [
            79.64382,
            12.244046
          ],
          [
            79.643935,
            12.243818
          ],
          [
            79.644228,
            12.243381
          ],
          [
            79.644398,
            12.243136
          ],
          [
            79.644739,
            12.242649
          ],
          [
            79.644983,
            12.242311
          ],
          [
            79.645351,
            12.241793
          ],
          [
            79.645436,
            12.241668
          ],
          [
            79.645583,
            12.241449
          ],
          [
            79.6459,
            12.241005
          ],
          [
            79.64622,
            12.240565
          ],
          [
            79.646624,
            12.239979
          ],
          [
            79.646874,
            12.239613
          ],
          [
            79.647265,
            12.239057
          ],
          [
            79.647729,
            12.238334
          ],
          [
            79.648065,
            12.237789
          ],
          [
            79.64839,
            12.237238
          ],
          [
            79.648497,
            12.237092
          ],
          [
            79.648588,
            12.236962
          ],
          [
            79.648653,
            12.23685
          ],
          [
            79.648838,
            12.236628
          ],
          [
            79.648883,
            12.236578
          ],
          [
            79.648943,
            12.236516
          ],
          [
            79.649143,
            12.236261
          ],
          [
            79.649306,
            12.236136
          ],
          [
            79.649411,
            12.236094
          ],
          [
            79.649496,
            12.236039
          ],
          [
            79.649549,
            12.235958
          ],
          [
            79.649573,
            12.23588
          ],
          [
            79.649542,
            12.235766
          ],
          [
            79.649506,
            12.235527
          ],
          [
            79.649467,
            12.235185
          ],
          [
            79.649425,
            12.234757
          ],
          [
            79.649425,
            12.234681
          ],
          [
            79.649398,
            12.234565
          ],
          [
            79.649304,
            12.234153
          ],
          [
            79.649266,
            12.233939
          ],
          [
            79.649232,
            12.233548
          ],
          [
            79.649175,
            12.232971
          ],
          [
            79.649137,
            12.232497
          ],
          [
            79.649123,
            12.232293
          ],
          [
            79.649093,
            12.231851
          ],
          [
            79.649078,
            12.231334
          ],
          [
            79.649156,
            12.230755
          ],
          [
            79.649202,
            12.230397
          ],
          [
            79.649275,
            12.229779
          ],
          [
            79.649301,
            12.22963
          ],
          [
            79.649329,
            12.229499
          ],
          [
            79.649402,
            12.229152
          ],
          [
            79.649662,
            12.228221
          ],
          [
            79.649914,
            12.227447
          ],
          [
            79.649982,
            12.227327
          ],
          [
            79.650283,
            12.226874
          ],
          [
            79.650354,
            12.226779
          ],
          [
            79.650414,
            12.226703
          ],
          [
            79.650459,
            12.22672
          ],
          [
            79.650508,
            12.226723
          ],
          [
            79.650555,
            12.226713
          ],
          [
            79.650614,
            12.226681
          ],
          [
            79.650651,
            12.226638
          ],
          [
            79.650673,
            12.226586
          ],
          [
            79.650676,
            12.226529
          ],
          [
            79.65066,
            12.226474
          ],
          [
            79.650627,
            12.226428
          ],
          [
            79.650697,
            12.226263
          ],
          [
            79.651048,
            12.225753
          ],
          [
            79.651293,
            12.225387
          ],
          [
            79.65176,
            12.224727
          ],
          [
            79.652404,
            12.223803
          ],
          [
            79.652608,
            12.223537
          ],
          [
            79.652725,
            12.223368
          ],
          [
            79.652975,
            12.22308
          ],
          [
            79.653242,
            12.222773
          ],
          [
            79.654181,
            12.221776
          ],
          [
            79.654974,
            12.220969
          ],
          [
            79.655414,
            12.220465
          ],
          [
            79.656209,
            12.219596
          ],
          [
            79.656501,
            12.219325
          ],
          [
            79.656797,
            12.219085
          ],
          [
            79.657187,
            12.218778
          ],
          [
            79.657624,
            12.218425
          ],
          [
            79.657847,
            12.218256
          ],
          [
            79.658773,
            12.217541
          ],
          [
            79.659245,
            12.217204
          ],
          [
            79.659682,
            12.216891
          ],
          [
            79.660366,
            12.216484
          ],
          [
            79.660675,
            12.216311
          ],
          [
            79.661,
            12.216128
          ],
          [
            79.661922,
            12.215613
          ],
          [
            79.662087,
            12.215521
          ],
          [
            79.662905,
            12.215055
          ],
          [
            79.663509,
            12.21469
          ],
          [
            79.664593,
            12.214081
          ],
          [
            79.665184,
            12.213745
          ],
          [
            79.665789,
            12.21339
          ],
          [
            79.666292,
            12.213097
          ],
          [
            79.666422,
            12.213022
          ],
          [
            79.666945,
            12.212709
          ],
          [
            79.667521,
            12.212394
          ],
          [
            79.667875,
            12.212161
          ],
          [
            79.668281,
            12.211878
          ],
          [
            79.668531,
            12.211663
          ],
          [
            79.668839,
            12.211361
          ],
          [
            79.669169,
            12.211022
          ],
          [
            79.669518,
            12.21064
          ],
          [
            79.669568,
            12.210594
          ],
          [
            79.66994,
            12.210164
          ],
          [
            79.670444,
            12.209575
          ],
          [
            79.670962,
            12.208998
          ],
          [
            79.671446,
            12.208444
          ],
          [
            79.671791,
            12.208049
          ],
          [
            79.672622,
            12.207129
          ],
          [
            79.67322,
            12.206443
          ],
          [
            79.673256,
            12.206402
          ],
          [
            79.673376,
            12.206265
          ],
          [
            79.673962,
            12.205582
          ],
          [
            79.674504,
            12.204968
          ],
          [
            79.674586,
            12.204875
          ],
          [
            79.675232,
            12.204157
          ],
          [
            79.676116,
            12.20314
          ],
          [
            79.676878,
            12.202275
          ],
          [
            79.677839,
            12.201167
          ],
          [
            79.678655,
            12.200215
          ],
          [
            79.679246,
            12.199517
          ],
          [
            79.679498,
            12.199169
          ],
          [
            79.679844,
            12.19859
          ],
          [
            79.68056,
            12.197216
          ],
          [
            79.681146,
            12.196143
          ],
          [
            79.681173,
            12.196092
          ],
          [
            79.681564,
            12.195348
          ],
          [
            79.681636,
            12.195211
          ],
          [
            79.681955,
            12.194606
          ],
          [
            79.682144,
            12.194249
          ],
          [
            79.682397,
            12.193794
          ],
          [
            79.682807,
            12.19306
          ],
          [
            79.683304,
            12.192171
          ],
          [
            79.683823,
            12.191251
          ],
          [
            79.683996,
            12.190945
          ],
          [
            79.6844,
            12.190244
          ],
          [
            79.684985,
            12.189207
          ],
          [
            79.685615,
            12.188103
          ],
          [
            79.685686,
            12.18798
          ],
          [
            79.68608,
            12.187296
          ],
          [
            79.686204,
            12.187081
          ],
          [
            79.686861,
            12.185932
          ],
          [
            79.687222,
            12.185347
          ],
          [
            79.687459,
            12.184962
          ],
          [
            79.687826,
            12.184388
          ],
          [
            79.688465,
            12.183325
          ],
          [
            79.688859,
            12.182624
          ],
          [
            79.688996,
            12.182371
          ],
          [
            79.689311,
            12.181786
          ],
          [
            79.6897,
            12.181059
          ],
          [
            79.690435,
            12.179704
          ],
          [
            79.691009,
            12.178632
          ],
          [
            79.691639,
            12.177477
          ],
          [
            79.69229,
            12.176287
          ],
          [
            79.692893,
            12.175154
          ],
          [
            79.693466,
            12.174083
          ],
          [
            79.694053,
            12.172996
          ],
          [
            79.694619,
            12.171955
          ],
          [
            79.694655,
            12.171888
          ],
          [
            79.69498,
            12.171283
          ],
          [
            79.695566,
            12.170184
          ],
          [
            79.695983,
            12.169419
          ],
          [
            79.696013,
            12.169363
          ],
          [
            79.696086,
            12.169229
          ],
          [
            79.696376,
            12.168696
          ],
          [
            79.69669,
            12.168093
          ],
          [
            79.697108,
            12.167275
          ],
          [
            79.697327,
            12.166892
          ],
          [
            79.697552,
            12.166499
          ],
          [
            79.698015,
            12.165656
          ],
          [
            79.698668,
            12.164423
          ],
          [
            79.699265,
            12.163303
          ],
          [
            79.699859,
            12.162185
          ],
          [
            79.699899,
            12.162112
          ],
          [
            79.700374,
            12.161249
          ],
          [
            79.7007,
            12.160619
          ],
          [
            79.701292,
            12.159552
          ],
          [
            79.701675,
            12.158835
          ],
          [
            79.70206,
            12.1581
          ],
          [
            79.702406,
            12.157498
          ],
          [
            79.702713,
            12.156979
          ],
          [
            79.702753,
            12.156912
          ],
          [
            79.702997,
            12.15649
          ],
          [
            79.703406,
            12.155745
          ],
          [
            79.703977,
            12.154729
          ],
          [
            79.704562,
            12.153689
          ],
          [
            79.704747,
            12.153346
          ],
          [
            79.704948,
            12.152973
          ],
          [
            79.705356,
            12.152269
          ],
          [
            79.706033,
            12.151076
          ],
          [
            79.706587,
            12.150089
          ],
          [
            79.707085,
            12.149148
          ],
          [
            79.707592,
            12.14826
          ],
          [
            79.707702,
            12.148069
          ],
          [
            79.708107,
            12.147376
          ],
          [
            79.708538,
            12.146604
          ],
          [
            79.708824,
            12.1461
          ],
          [
            79.709296,
            12.145312
          ],
          [
            79.709578,
            12.14485
          ],
          [
            79.7099,
            12.14444
          ],
          [
            79.710075,
            12.144261
          ],
          [
            79.71015,
            12.1442
          ],
          [
            79.710431,
            12.14397
          ],
          [
            79.710807,
            12.143723
          ],
          [
            79.710854,
            12.143692
          ],
          [
            79.711074,
            12.143568
          ],
          [
            79.711583,
            12.143281
          ],
          [
            79.712161,
            12.142925
          ],
          [
            79.712859,
            12.14249
          ],
          [
            79.713286,
            12.142257
          ],
          [
            79.713932,
            12.141953
          ],
          [
            79.71461,
            12.14165
          ],
          [
            79.715487,
            12.141245
          ],
          [
            79.716647,
            12.140699
          ],
          [
            79.717268,
            12.140377
          ],
          [
            79.717663,
            12.140125
          ],
          [
            79.717999,
            12.139872
          ],
          [
            79.718245,
            12.139686
          ],
          [
            79.718535,
            12.139421
          ],
          [
            79.718821,
            12.13913
          ],
          [
            79.719106,
            12.138774
          ],
          [
            79.71978,
            12.137942
          ],
          [
            79.720177,
            12.137417
          ],
          [
            79.720661,
            12.136817
          ],
          [
            79.720899,
            12.136539
          ],
          [
            79.721146,
            12.136296
          ],
          [
            79.721361,
            12.136115
          ],
          [
            79.721571,
            12.135949
          ],
          [
            79.721806,
            12.135794
          ],
          [
            79.72214,
            12.135639
          ],
          [
            79.722737,
            12.135377
          ],
          [
            79.723777,
            12.134955
          ],
          [
            79.724306,
            12.134685
          ],
          [
            79.724606,
            12.134495
          ],
          [
            79.724844,
            12.134313
          ],
          [
            79.725092,
            12.134096
          ],
          [
            79.725266,
            12.133919
          ],
          [
            79.725536,
            12.133581
          ],
          [
            79.725836,
            12.133148
          ],
          [
            79.726301,
            12.132431
          ],
          [
            79.72658,
            12.132001
          ],
          [
            79.727227,
            12.130932
          ],
          [
            79.727613,
            12.130253
          ],
          [
            79.728006,
            12.129564
          ],
          [
            79.728651,
            12.128432
          ],
          [
            79.729059,
            12.127742
          ],
          [
            79.729417,
            12.127202
          ],
          [
            79.730123,
            12.126166
          ],
          [
            79.730624,
            12.125424
          ],
          [
            79.731428,
            12.124284
          ],
          [
            79.731539,
            12.124127
          ],
          [
            79.731888,
            12.123631
          ],
          [
            79.73255,
            12.122681
          ],
          [
            79.733322,
            12.121552
          ],
          [
            79.734099,
            12.120426
          ],
          [
            79.734815,
            12.119428
          ],
          [
            79.73528,
            12.118748
          ],
          [
            79.73578,
            12.118017
          ],
          [
            79.736078,
            12.117636
          ],
          [
            79.736504,
            12.117166
          ],
          [
            79.737289,
            12.116332
          ],
          [
            79.737611,
            12.115946
          ],
          [
            79.737863,
            12.115609
          ],
          [
            79.73804,
            12.115319
          ],
          [
            79.738066,
            12.115259
          ],
          [
            79.738379,
            12.114556
          ],
          [
            79.738442,
            12.114325
          ],
          [
            79.738459,
            12.114242
          ],
          [
            79.73849,
            12.113938
          ],
          [
            79.738503,
            12.11358
          ],
          [
            79.738472,
            12.113269
          ],
          [
            79.738389,
            12.112653
          ],
          [
            79.73807,
            12.111044
          ],
          [
            79.737646,
            12.10884
          ],
          [
            79.737421,
            12.107665
          ],
          [
            79.737184,
            12.106424
          ],
          [
            79.736728,
            12.10408
          ],
          [
            79.736432,
            12.102495
          ],
          [
            79.736061,
            12.100883
          ],
          [
            79.736049,
            12.100838
          ],
          [
            79.73583,
            12.100002
          ],
          [
            79.73561,
            12.09889
          ],
          [
            79.735519,
            12.098419
          ],
          [
            79.735483,
            12.098001
          ],
          [
            79.735481,
            12.097287
          ],
          [
            79.735524,
            12.096738
          ],
          [
            79.735635,
            12.096221
          ],
          [
            79.735792,
            12.095642
          ],
          [
            79.735992,
            12.095192
          ],
          [
            79.736339,
            12.094467
          ],
          [
            79.736616,
            12.094044
          ],
          [
            79.737269,
            12.093201
          ],
          [
            79.738024,
            12.09229
          ],
          [
            79.73893,
            12.091186
          ],
          [
            79.739115,
            12.09096
          ],
          [
            79.739873,
            12.090037
          ],
          [
            79.741586,
            12.08794
          ],
          [
            79.743064,
            12.086172
          ],
          [
            79.743356,
            12.085816
          ],
          [
            79.743559,
            12.085568
          ],
          [
            79.74444,
            12.084494
          ],
          [
            79.744862,
            12.083989
          ],
          [
            79.745258,
            12.083569
          ],
          [
            79.745737,
            12.083173
          ],
          [
            79.746049,
            12.082935
          ],
          [
            79.746493,
            12.082662
          ],
          [
            79.747039,
            12.082399
          ],
          [
            79.747249,
            12.08231
          ],
          [
            79.747751,
            12.082095
          ],
          [
            79.748965,
            12.081558
          ],
          [
            79.749768,
            12.081181
          ],
          [
            79.750072,
            12.081007
          ],
          [
            79.750422,
            12.080769
          ],
          [
            79.750684,
            12.080564
          ],
          [
            79.750915,
            12.080355
          ],
          [
            79.751219,
            12.080028
          ],
          [
            79.751485,
            12.079711
          ],
          [
            79.751742,
            12.079366
          ],
          [
            79.752097,
            12.078733
          ],
          [
            79.752374,
            12.078056
          ],
          [
            79.752748,
            12.077103
          ],
          [
            79.752975,
            12.076527
          ],
          [
            79.753321,
            12.075584
          ],
          [
            79.75375,
            12.074439
          ],
          [
            79.754218,
            12.073185
          ],
          [
            79.754678,
            12.071958
          ],
          [
            79.755163,
            12.070711
          ],
          [
            79.755618,
            12.069471
          ],
          [
            79.756075,
            12.06832
          ],
          [
            79.756496,
            12.067297
          ],
          [
            79.756821,
            12.066509
          ],
          [
            79.757166,
            12.065701
          ],
          [
            79.757337,
            12.065293
          ],
          [
            79.757509,
            12.064813
          ],
          [
            79.757937,
            12.063791
          ],
          [
            79.758284,
            12.062937
          ],
          [
            79.75845,
            12.062527
          ],
          [
            79.758787,
            12.061721
          ],
          [
            79.758949,
            12.06128
          ],
          [
            79.759073,
            12.0609
          ],
          [
            79.759408,
            12.059854
          ],
          [
            79.75946,
            12.059685
          ],
          [
            79.759719,
            12.058842
          ],
          [
            79.760031,
            12.057606
          ],
          [
            79.760529,
            12.055593
          ],
          [
            79.760624,
            12.055252
          ],
          [
            79.760729,
            12.054753
          ],
          [
            79.760749,
            12.054665
          ],
          [
            79.760946,
            12.053874
          ],
          [
            79.761193,
            12.052764
          ],
          [
            79.761488,
            12.051605
          ],
          [
            79.761808,
            12.050344
          ],
          [
            79.762097,
            12.049161
          ],
          [
            79.762396,
            12.047952
          ],
          [
            79.762468,
            12.047654
          ],
          [
            79.762816,
            12.046206
          ],
          [
            79.762871,
            12.045892
          ],
          [
            79.763007,
            12.045128
          ],
          [
            79.763107,
            12.044661
          ],
          [
            79.763254,
            12.044132
          ],
          [
            79.763441,
            12.043463
          ],
          [
            79.763734,
            12.042215
          ],
          [
            79.763969,
            12.041447
          ],
          [
            79.764202,
            12.040737
          ],
          [
            79.764229,
            12.040653
          ],
          [
            79.76442,
            12.04006
          ],
          [
            79.76461,
            12.039461
          ],
          [
            79.764771,
            12.038981
          ],
          [
            79.764882,
            12.038595
          ],
          [
            79.764988,
            12.038223
          ],
          [
            79.76511,
            12.037732
          ],
          [
            79.765252,
            12.037181
          ],
          [
            79.765366,
            12.036713
          ],
          [
            79.765448,
            12.036314
          ],
          [
            79.765498,
            12.035952
          ],
          [
            79.765534,
            12.035642
          ],
          [
            79.765572,
            12.035319
          ],
          [
            79.765645,
            12.034695
          ],
          [
            79.765658,
            12.034589
          ],
          [
            79.765712,
            12.034173
          ],
          [
            79.766002,
            12.032679
          ],
          [
            79.766112,
            12.03207
          ],
          [
            79.766346,
            12.030814
          ],
          [
            79.766553,
            12.029769
          ],
          [
            79.766683,
            12.029172
          ],
          [
            79.766706,
            12.029077
          ],
          [
            79.766871,
            12.028491
          ],
          [
            79.766759,
            12.028442
          ],
          [
            79.766598,
            12.028356
          ],
          [
            79.766539,
            12.028234
          ],
          [
            79.766586,
            12.027992
          ],
          [
            79.766745,
            12.027664
          ],
          [
            79.766838,
            12.027515
          ],
          [
            79.767447,
            12.024956
          ],
          [
            79.767662,
            12.023839
          ],
          [
            79.768044,
            12.021863
          ],
          [
            79.768223,
            12.020964
          ],
          [
            79.768305,
            12.020566
          ],
          [
            79.768614,
            12.019081
          ],
          [
            79.768779,
            12.018131
          ],
          [
            79.769011,
            12.01686
          ],
          [
            79.769112,
            12.016372
          ],
          [
            79.769228,
            12.01586
          ],
          [
            79.769481,
            12.014591
          ],
          [
            79.769692,
            12.013617
          ],
          [
            79.769858,
            12.012768
          ],
          [
            79.770154,
            12.011927
          ],
          [
            79.770942,
            12.010516
          ],
          [
            79.771314,
            12.009773
          ],
          [
            79.772179,
            12.00833
          ],
          [
            79.773356,
            12.006239
          ],
          [
            79.774161,
            12.004833
          ],
          [
            79.774442,
            12.004346
          ],
          [
            79.774718,
            12.003864
          ],
          [
            79.775281,
            12.002872
          ],
          [
            79.775602,
            12.002288
          ],
          [
            79.776403,
            12.000923
          ],
          [
            79.776711,
            12.000427
          ],
          [
            79.776781,
            12.00031
          ],
          [
            79.776843,
            12.000239
          ],
          [
            79.776933,
            12.000103
          ],
          [
            79.777443,
            11.999262
          ],
          [
            79.777491,
            11.999179
          ],
          [
            79.777524,
            11.999119
          ],
          [
            79.777612,
            11.998964
          ],
          [
            79.77763,
            11.998862
          ],
          [
            79.778031,
            11.998131
          ],
          [
            79.778116,
            11.998061
          ],
          [
            79.778757,
            11.996899
          ],
          [
            79.778874,
            11.996691
          ],
          [
            79.779258,
            11.996042
          ],
          [
            79.779636,
            11.995405
          ],
          [
            79.779736,
            11.995248
          ],
          [
            79.780201,
            11.994515
          ],
          [
            79.780342,
            11.994306
          ],
          [
            79.780487,
            11.994112
          ],
          [
            79.780656,
            11.993921
          ],
          [
            79.780895,
            11.993692
          ],
          [
            79.781065,
            11.993534
          ],
          [
            79.782242,
            11.99244
          ],
          [
            79.782768,
            11.991946
          ],
          [
            79.783454,
            11.99128
          ],
          [
            79.783632,
            11.991097
          ],
          [
            79.783768,
            11.990943
          ],
          [
            79.783857,
            11.990798
          ],
          [
            79.783919,
            11.99072
          ],
          [
            79.785207,
            11.989082
          ],
          [
            79.786457,
            11.987479
          ],
          [
            79.787005,
            11.986762
          ],
          [
            79.787578,
            11.98599
          ],
          [
            79.787771,
            11.985735
          ],
          [
            79.788026,
            11.985413
          ],
          [
            79.78815,
            11.985422
          ],
          [
            79.788322,
            11.984089
          ],
          [
            79.788437,
            11.983192
          ],
          [
            79.7886,
            11.981905
          ],
          [
            79.788934,
            11.979282
          ],
          [
            79.788991,
            11.978885
          ],
          [
            79.789065,
            11.978412
          ],
          [
            79.789116,
            11.978166
          ],
          [
            79.789192,
            11.977854
          ],
          [
            79.78945,
            11.977031
          ],
          [
            79.789498,
            11.976885
          ],
          [
            79.789757,
            11.976081
          ],
          [
            79.790771,
            11.972996
          ],
          [
            79.792233,
            11.968689
          ],
          [
            79.793032,
            11.966279
          ],
          [
            79.793218,
            11.965687
          ],
          [
            79.7936,
            11.964523
          ],
          [
            79.79474,
            11.961268
          ],
          [
            79.795256,
            11.959815
          ],
          [
            79.795577,
            11.958937
          ],
          [
            79.795749,
            11.95843
          ],
          [
            79.795899,
            11.957988
          ],
          [
            79.795965,
            11.957799
          ],
          [
            79.796043,
            11.957531
          ],
          [
            79.796106,
            11.957292
          ],
          [
            79.796123,
            11.957222
          ],
          [
            79.796166,
            11.957038
          ],
          [
            79.79618,
            11.956965
          ],
          [
            79.796189,
            11.956906
          ],
          [
            79.796198,
            11.95679
          ],
          [
            79.796222,
            11.956281
          ],
          [
            79.796247,
            11.955446
          ],
          [
            79.796253,
            11.955201
          ],
          [
            79.796268,
            11.954593
          ],
          [
            79.79628,
            11.954078
          ],
          [
            79.796287,
            11.953539
          ],
          [
            79.796307,
            11.953022
          ],
          [
            79.796313,
            11.952827
          ],
          [
            79.796351,
            11.951742
          ],
          [
            79.796372,
            11.951541
          ],
          [
            79.796396,
            11.951399
          ],
          [
            79.79645,
            11.951171
          ],
          [
            79.796509,
            11.950971
          ],
          [
            79.796682,
            11.950389
          ],
          [
            79.796826,
            11.949908
          ],
          [
            79.797243,
            11.948561
          ],
          [
            79.797293,
            11.948413
          ],
          [
            79.79733,
            11.948311
          ],
          [
            79.797463,
            11.948033
          ],
          [
            79.797566,
            11.947846
          ],
          [
            79.79772,
            11.947625
          ],
          [
            79.7979,
            11.947417
          ],
          [
            79.798813,
            11.946578
          ],
          [
            79.798864,
            11.946533
          ],
          [
            79.799096,
            11.946322
          ],
          [
            79.799676,
            11.945753
          ],
          [
            79.800005,
            11.945458
          ],
          [
            79.800103,
            11.94537
          ],
          [
            79.800173,
            11.945311
          ],
          [
            79.800413,
            11.945128
          ],
          [
            79.800786,
            11.944926
          ],
          [
            79.800926,
            11.94485
          ],
          [
            79.801264,
            11.944702
          ],
          [
            79.801841,
            11.944457
          ],
          [
            79.802199,
            11.944299
          ],
          [
            79.802293,
            11.944259
          ],
          [
            79.802502,
            11.944166
          ],
          [
            79.802591,
            11.944126
          ],
          [
            79.802886,
            11.943995
          ],
          [
            79.803193,
            11.943858
          ],
          [
            79.803468,
            11.943731
          ],
          [
            79.803858,
            11.943551
          ],
          [
            79.804033,
            11.943483
          ],
          [
            79.804378,
            11.943386
          ],
          [
            79.804536,
            11.943346
          ],
          [
            79.805492,
            11.943096
          ],
          [
            79.805673,
            11.943028
          ],
          [
            79.805859,
            11.942945
          ],
          [
            79.806064,
            11.942825
          ],
          [
            79.806298,
            11.942672
          ],
          [
            79.806405,
            11.942601
          ],
          [
            79.806672,
            11.942412
          ],
          [
            79.807064,
            11.942142
          ],
          [
            79.807477,
            11.941857
          ],
          [
            79.807496,
            11.941846
          ],
          [
            79.807716,
            11.941719
          ],
          [
            79.807805,
            11.941686
          ],
          [
            79.808229,
            11.941624
          ],
          [
            79.808259,
            11.941647
          ],
          [
            79.808295,
            11.941659
          ],
          [
            79.808324,
            11.941661
          ],
          [
            79.808352,
            11.941656
          ],
          [
            79.808377,
            11.941644
          ],
          [
            79.808404,
            11.941623
          ],
          [
            79.808423,
            11.941595
          ],
          [
            79.808433,
            11.941563
          ],
          [
            79.808434,
            11.941532
          ],
          [
            79.808426,
            11.941503
          ],
          [
            79.808406,
            11.94147
          ],
          [
            79.808377,
            11.941446
          ],
          [
            79.80838,
            11.941415
          ],
          [
            79.808385,
            11.941363
          ],
          [
            79.808385,
            11.941177
          ],
          [
            79.808384,
            11.941059
          ],
          [
            79.808377,
            11.940733
          ],
          [
            79.80821,
            11.939446
          ],
          [
            79.808111,
            11.938328
          ],
          [
            79.80801,
            11.937053
          ],
          [
            79.807979,
            11.93667
          ],
          [
            79.807909,
            11.936341
          ],
          [
            79.807734,
            11.935606
          ],
          [
            79.807654,
            11.935231
          ],
          [
            79.807572,
            11.934841
          ],
          [
            79.807517,
            11.934471
          ],
          [
            79.80751,
            11.934232
          ],
          [
            79.807517,
            11.934078
          ],
          [
            79.807532,
            11.933882
          ],
          [
            79.80756,
            11.933561
          ],
          [
            79.807595,
            11.93319
          ],
          [
            79.807629,
            11.93282
          ],
          [
            79.807635,
            11.932742
          ],
          [
            79.807643,
            11.932638
          ],
          [
            79.807651,
            11.932538
          ],
          [
            79.807664,
            11.932157
          ],
          [
            79.807691,
            11.931834
          ],
          [
            79.807706,
            11.931683
          ],
          [
            79.807753,
            11.931653
          ],
          [
            79.80777,
            11.93163
          ],
          [
            79.807781,
            11.931605
          ],
          [
            79.807785,
            11.931576
          ],
          [
            79.807782,
            11.931546
          ],
          [
            79.807771,
            11.931519
          ],
          [
            79.807752,
            11.931493
          ],
          [
            79.807726,
            11.931473
          ],
          [
            79.807697,
            11.931461
          ],
          [
            79.807675,
            11.930717
          ],
          [
            79.807659,
            11.930396
          ],
          [
            79.807616,
            11.929964
          ],
          [
            79.807557,
            11.92932
          ],
          [
            79.807452,
            11.928477
          ],
          [
            79.807408,
            11.928269
          ],
          [
            79.80736,
            11.927893
          ],
          [
            79.807354,
            11.927816
          ],
          [
            79.807384,
            11.927437
          ],
          [
            79.80742,
            11.927188
          ],
          [
            79.807448,
            11.927059
          ],
          [
            79.807514,
            11.926818
          ],
          [
            79.807867,
            11.925611
          ],
          [
            79.807933,
            11.925387
          ],
          [
            79.808121,
            11.92479
          ],
          [
            79.808376,
            11.923937
          ],
          [
            79.808456,
            11.923674
          ],
          [
            79.808555,
            11.923406
          ],
          [
            79.808682,
            11.922992
          ],
          [
            79.80884,
            11.922419
          ],
          [
            79.80886,
            11.922332
          ],
          [
            79.80888,
            11.922209
          ],
          [
            79.808892,
            11.9221
          ],
          [
            79.808912,
            11.921806
          ],
          [
            79.809061,
            11.920278
          ],
          [
            79.809097,
            11.919908
          ],
          [
            79.809123,
            11.919688
          ],
          [
            79.809244,
            11.918248
          ],
          [
            79.809335,
            11.917458
          ],
          [
            79.809343,
            11.917376
          ],
          [
            79.80939,
            11.917039
          ],
          [
            79.809431,
            11.916848
          ],
          [
            79.809494,
            11.916646
          ],
          [
            79.809573,
            11.916443
          ],
          [
            79.809671,
            11.916232
          ],
          [
            79.809775,
            11.916052
          ],
          [
            79.809878,
            11.915902
          ],
          [
            79.810544,
            11.915121
          ],
          [
            79.810635,
            11.915014
          ],
          [
            79.810797,
            11.914817
          ],
          [
            79.810804,
            11.914807
          ],
          [
            79.81089,
            11.914681
          ],
          [
            79.810946,
            11.914586
          ],
          [
            79.810997,
            11.914516
          ],
          [
            79.810976,
            11.914468
          ],
          [
            79.810879,
            11.9142
          ],
          [
            79.810775,
            11.913903
          ],
          [
            79.810439,
            11.912956
          ],
          [
            79.810118,
            11.912103
          ],
          [
            79.80974,
            11.9111
          ],
          [
            79.809627,
            11.9108
          ],
          [
            79.809585,
            11.910691
          ],
          [
            79.809508,
            11.910487
          ],
          [
            79.809344,
            11.910055
          ],
          [
            79.80919,
            11.909649
          ],
          [
            79.809144,
            11.909527
          ],
          [
            79.809029,
            11.909225
          ],
          [
            79.808873,
            11.908812
          ],
          [
            79.808801,
            11.908627
          ],
          [
            79.808691,
            11.90834
          ],
          [
            79.808674,
            11.908297
          ],
          [
            79.808667,
            11.908278
          ],
          [
            79.808202,
            11.907034
          ],
          [
            79.808044,
            11.906619
          ],
          [
            79.807636,
            11.905536
          ],
          [
            79.807593,
            11.905416
          ],
          [
            79.807461,
            11.905128
          ],
          [
            79.807369,
            11.904936
          ],
          [
            79.80735,
            11.904795
          ],
          [
            79.807242,
            11.904516
          ],
          [
            79.806923,
            11.903746
          ],
          [
            79.806883,
            11.903646
          ],
          [
            79.806798,
            11.903402
          ],
          [
            79.806692,
            11.903108
          ],
          [
            79.806565,
            11.902706
          ],
          [
            79.80612,
            11.901236
          ],
          [
            79.806029,
            11.900904
          ],
          [
            79.805851,
            11.900285
          ],
          [
            79.805848,
            11.900184
          ],
          [
            79.805807,
            11.900044
          ],
          [
            79.805755,
            11.899865
          ],
          [
            79.805741,
            11.899811
          ],
          [
            79.805692,
            11.899634
          ],
          [
            79.805641,
            11.899445
          ],
          [
            79.805588,
            11.899242
          ],
          [
            79.805531,
            11.899048
          ],
          [
            79.805485,
            11.898883
          ],
          [
            79.805428,
            11.898649
          ],
          [
            79.805363,
            11.898378
          ],
          [
            79.805297,
            11.898118
          ],
          [
            79.805219,
            11.897855
          ],
          [
            79.805117,
            11.897464
          ],
          [
            79.805044,
            11.897165
          ],
          [
            79.804981,
            11.896864
          ],
          [
            79.804897,
            11.896462
          ],
          [
            79.80487,
            11.896325
          ],
          [
            79.805184,
            11.896277
          ],
          [
            79.805505,
            11.896216
          ],
          [
            79.805777,
            11.896169
          ],
          [
            79.80628,
            11.896098
          ],
          [
            79.807261,
            11.895956
          ],
          [
            79.808426,
            11.89578
          ],
          [
            79.808587,
            11.895739
          ],
          [
            79.809149,
            11.895652
          ],
          [
            79.809613,
            11.895592
          ],
          [
            79.810127,
            11.895501
          ],
          [
            79.810432,
            11.895447
          ],
          [
            79.811008,
            11.895317
          ],
          [
            79.811154,
            11.895306
          ],
          [
            79.811296,
            11.895303
          ],
          [
            79.811583,
            11.895247
          ],
          [
            79.811586,
            11.895474
          ],
          [
            79.812302,
            11.895695
          ],
          [
            79.812927,
            11.895839
          ],
          [
            79.813159,
            11.895859
          ],
          [
            79.813417,
            11.89588
          ],
          [
            79.813908,
            11.895894
          ],
          [
            79.814199,
            11.895828
          ],
          [
            79.814607,
            11.895716
          ],
          [
            79.814884,
            11.895573
          ],
          [
            79.815163,
            11.895423
          ],
          [
            79.815327,
            11.895354
          ],
          [
            79.815758,
            11.895247
          ],
          [
            79.816191,
            11.89515
          ],
          [
            79.81646,
            11.895106
          ],
          [
            79.816732,
            11.895045
          ],
          [
            79.817092,
            11.894957
          ],
          [
            79.817485,
            11.894885
          ],
          [
            79.81785,
            11.894822
          ],
          [
            79.818414,
            11.89468
          ],
          [
            79.818661,
            11.894605
          ],
          [
            79.819367,
            11.894338
          ],
          [
            79.820109,
            11.894162
          ],
          [
            79.82041,
            11.894096
          ],
          [
            79.820518,
            11.894096
          ],
          [
            79.820672,
            11.894079
          ],
          [
            79.820802,
            11.894098
          ],
          [
            79.820968,
            11.894105
          ],
          [
            79.821449,
            11.894169
          ],
          [
            79.82174,
            11.894192
          ],
          [
            79.822315,
            11.894253
          ],
          [
            79.822905,
            11.894289
          ],
          [
            79.822932,
            11.894474
          ],
          [
            79.822957,
            11.894653
          ],
          [
            79.822991,
            11.894829
          ],
          [
            79.823296,
            11.89483
          ],
          [
            79.823692,
            11.894777
          ],
          [
            79.823807,
            11.894747
          ],
          [
            79.823952,
            11.894711
          ],
          [
            79.824163,
            11.894669
          ],
          [
            79.824455,
            11.89462
          ],
          [
            79.824498,
            11.894611
          ],
          [
            79.824728,
            11.894557
          ],
          [
            79.824869,
            11.894521
          ],
          [
            79.824907,
            11.89451
          ],
          [
            79.824944,
            11.894492
          ],
          [
            79.824981,
            11.894455
          ],
          [
            79.825016,
            11.894416
          ],
          [
            79.825088,
            11.894346
          ],
          [
            79.825146,
            11.894505
          ],
          [
            79.825231,
            11.894675
          ],
          [
            79.825248,
            11.894698
          ],
          [
            79.825307,
            11.894787
          ],
          [
            79.825318,
            11.894802
          ],
          [
            79.825377,
            11.894901
          ],
          [
            79.825451,
            11.895024
          ],
          [
            79.825496,
            11.895116
          ],
          [
            79.825537,
            11.895193
          ],
          [
            79.825568,
            11.895254
          ],
          [
            79.825612,
            11.895338
          ],
          [
            79.825673,
            11.895475
          ],
          [
            79.825729,
            11.895593
          ],
          [
            79.825792,
            11.895724
          ],
          [
            79.825874,
            11.895871
          ],
          [
            79.82589,
            11.895897
          ],
          [
            79.825958,
            11.896055
          ],
          [
            79.825989,
            11.896124
          ],
          [
            79.826002,
            11.896154
          ],
          [
            79.826047,
            11.896291
          ],
          [
            79.826113,
            11.896485
          ],
          [
            79.826162,
            11.896648
          ],
          [
            79.826214,
            11.89681
          ],
          [
            79.82628,
            11.897031
          ],
          [
            79.826314,
            11.897185
          ],
          [
            79.826344,
            11.897306
          ],
          [
            79.826356,
            11.897353
          ],
          [
            79.826394,
            11.897484
          ],
          [
            79.826454,
            11.897672
          ],
          [
            79.826506,
            11.897848
          ],
          [
            79.826565,
            11.898038
          ],
          [
            79.826613,
            11.898201
          ],
          [
            79.82665,
            11.898304
          ],
          [
            79.826772,
            11.898361
          ],
          [
            79.826937,
            11.898443
          ],
          [
            79.827032,
            11.898507
          ],
          [
            79.827095,
            11.898602
          ],
          [
            79.827189,
            11.898795
          ],
          [
            79.827295,
            11.898998
          ],
          [
            79.827408,
            11.89928
          ],
          [
            79.827519,
            11.899552
          ],
          [
            79.827633,
            11.899841
          ],
          [
            79.827729,
            11.900073
          ],
          [
            79.827799,
            11.90032
          ],
          [
            79.827895,
            11.9006
          ],
          [
            79.828048,
            11.901144
          ],
          [
            79.82816,
            11.901422
          ],
          [
            79.828182,
            11.901766
          ],
          [
            79.828183,
            11.901871
          ],
          [
            79.828187,
            11.902966
          ],
          [
            79.828385,
            11.903009
          ],
          [
            79.828688,
            11.903073
          ],
          [
            79.830129,
            11.903448
          ],
          [
            79.830524,
            11.903546
          ]
        ],
        "type": "LineString"
      },
      "properties": {
        "distance": 344025.2,
        "duration": 17806.5
      }
    }
  ]
}